feature,method,iteration,sequence,seconds,rc,ok,failed,rows,cols,artifact
path,python,1,1,0.0002827271819114,0,1,0,,,/home/mangelo/Documents/GitHub/slab/benchmarks/_out/pq_slab_issue_benchmark_20260615_102908/feature_surface/data/workers.parquet
describe,python,1,2,0.0017011184245347,0,1,0,200000.0,13.0,/home/mangelo/Documents/GitHub/slab/benchmarks/_out/pq_slab_issue_benchmark_20260615_102908/feature_surface/data/workers.parquet
describe_detailed,python,1,3,0.0007467605173587,0,1,0,200000.0,13.0,/home/mangelo/Documents/GitHub/slab/benchmarks/_out/pq_slab_issue_benchmark_20260615_102908/feature_surface/data/workers.parquet
use,python,1,4,0.0193769726902246,0,1,0,200000.0,13.0,/home/mangelo/Documents/GitHub/slab/benchmarks/_out/pq_slab_issue_benchmark_20260615_102908/feature_surface/artifacts/python/use_1.parquet
use_varlist,python,1,5,0.0077414494007825,0,1,0,200000.0,3.0,/home/mangelo/Documents/GitHub/slab/benchmarks/_out/pq_slab_issue_benchmark_20260615_102908/feature_surface/artifacts/python/use_varlist_1.parquet
use_filter,python,1,6,0.0354210287332534,0,1,0,40000.0,13.0,/home/mangelo/Documents/GitHub/slab/benchmarks/_out/pq_slab_issue_benchmark_20260615_102908/feature_surface/artifacts/python/use_filter_1.parquet
use_range,python,1,7,0.0158487576991319,0,1,0,5000.0,13.0,/home/mangelo/Documents/GitHub/slab/benchmarks/_out/pq_slab_issue_benchmark_20260615_102908/feature_surface/artifacts/python/use_range_1.parquet
use_sort,python,1,8,0.1026650760322809,0,1,0,200000.0,13.0,/home/mangelo/Documents/GitHub/slab/benchmarks/_out/pq_slab_issue_benchmark_20260615_102908/feature_surface/artifacts/python/use_sort_1.parquet
use_random_n,python,1,9,0.0312793515622615,0,1,0,5000.0,13.0,/home/mangelo/Documents/GitHub/slab/benchmarks/_out/pq_slab_issue_benchmark_20260615_102908/feature_surface/artifacts/python/use_random_n_1.parquet
use_drop,python,1,10,0.043141022324562,0,1,0,200000.0,12.0,/home/mangelo/Documents/GitHub/slab/benchmarks/_out/pq_slab_issue_benchmark_20260615_102908/feature_surface/artifacts/python/use_drop_1.parquet
save,python,1,11,0.167027061805129,0,1,0,200000.0,13.0,/home/mangelo/Documents/GitHub/slab/benchmarks/_out/pq_slab_issue_benchmark_20260615_102908/feature_surface/artifacts/python/save_1.parquet
save_varlist,python,1,12,0.0771038997918367,0,1,0,200000.0,3.0,/home/mangelo/Documents/GitHub/slab/benchmarks/_out/pq_slab_issue_benchmark_20260615_102908/feature_surface/artifacts/python/save_varlist_1.parquet
save_filter,python,1,13,0.0446147229522466,0,1,0,40000.0,13.0,/home/mangelo/Documents/GitHub/slab/benchmarks/_out/pq_slab_issue_benchmark_20260615_102908/feature_surface/artifacts/python/save_filter_1.parquet
save_partition_by,python,1,14,0.097949406132102,0,1,0,,,/home/mangelo/Documents/GitHub/slab/benchmarks/_out/pq_slab_issue_benchmark_20260615_102908/feature_surface/artifacts/python/save_partition_by_1
save_chunk,python,1,15,0.1962659694254398,0,1,0,200000.0,13.0,/home/mangelo/Documents/GitHub/slab/benchmarks/_out/pq_slab_issue_benchmark_20260615_102908/feature_surface/artifacts/python/save_chunk_1.parquet
save_compression_zstd,python,1,16,0.1643573846668005,0,1,0,200000.0,13.0,/home/mangelo/Documents/GitHub/slab/benchmarks/_out/pq_slab_issue_benchmark_20260615_102908/feature_surface/artifacts/python/save_compression_zstd_1.parquet
append,python,1,17,0.0408350117504596,0,1,0,100000.0,3.0,/home/mangelo/Documents/GitHub/slab/benchmarks/_out/pq_slab_issue_benchmark_20260615_102908/feature_surface/artifacts/python/append_1.parquet
append_filter,python,1,18,0.0426820982247591,0,1,0,59947.0,3.0,/home/mangelo/Documents/GitHub/slab/benchmarks/_out/pq_slab_issue_benchmark_20260615_102908/feature_surface/artifacts/python/append_filter_1.parquet
merge,python,1,19,0.2116046883165836,0,1,0,200000.0,16.0,/home/mangelo/Documents/GitHub/slab/benchmarks/_out/pq_slab_issue_benchmark_20260615_102908/feature_surface/artifacts/python/merge_1.parquet
merge_keepusing,python,1,20,0.1131496038287878,0,1,0,200000.0,14.0,/home/mangelo/Documents/GitHub/slab/benchmarks/_out/pq_slab_issue_benchmark_20260615_102908/feature_surface/artifacts/python/merge_keepusing_1.parquet
use_lazy,python,1,21,0.0027080066502094,0,1,0,,,/home/mangelo/Documents/GitHub/slab/benchmarks/_out/pq_slab_issue_benchmark_20260615_102908/feature_surface/artifacts/python/use_lazy_1.parquet
collect,python,1,22,0.0857096705585718,0,1,0,200000.0,13.0,/home/mangelo/Documents/GitHub/slab/benchmarks/_out/pq_slab_issue_benchmark_20260615_102908/feature_surface/artifacts/python/collect_1.parquet
open_data,python,1,23,0.1534999758005142,0,1,0,200000.0,13.0,/home/mangelo/Documents/GitHub/slab/benchmarks/_out/pq_slab_issue_benchmark_20260615_102908/feature_surface/artifacts/python/open_data_1.parquet
keep_vars,python,1,24,0.0258464831858873,0,1,0,200000.0,3.0,/home/mangelo/Documents/GitHub/slab/benchmarks/_out/pq_slab_issue_benchmark_20260615_102908/feature_surface/artifacts/python/keep_vars_1.parquet
drop_vars,python,1,25,0.0901353396475315,0,1,0,200000.0,12.0,/home/mangelo/Documents/GitHub/slab/benchmarks/_out/pq_slab_issue_benchmark_20260615_102908/feature_surface/artifacts/python/drop_vars_1.parquet
keep_if,python,1,26,0.0704028196632862,0,1,0,40000.0,13.0,/home/mangelo/Documents/GitHub/slab/benchmarks/_out/pq_slab_issue_benchmark_20260615_102908/feature_surface/artifacts/python/keep_if_1.parquet
drop_if,python,1,27,0.08853130787611,0,1,0,120000.0,13.0,/home/mangelo/Documents/GitHub/slab/benchmarks/_out/pq_slab_issue_benchmark_20260615_102908/feature_surface/artifacts/python/drop_if_1.parquet
keep_in,python,1,28,0.0328524932265281,0,1,0,5000.0,13.0,/home/mangelo/Documents/GitHub/slab/benchmarks/_out/pq_slab_issue_benchmark_20260615_102908/feature_surface/artifacts/python/keep_in_1.parquet
gen,python,1,29,0.1163679398596286,0,1,0,188905.0,14.0,/home/mangelo/Documents/GitHub/slab/benchmarks/_out/pq_slab_issue_benchmark_20260615_102908/feature_surface/artifacts/python/gen_1.parquet
egen_by,python,1,30,0.1279054507613182,0,1,0,200000.0,14.0,/home/mangelo/Documents/GitHub/slab/benchmarks/_out/pq_slab_issue_benchmark_20260615_102908/feature_surface/artifacts/python/egen_by_1.parquet
replace,python,1,31,0.1032106503844261,0,1,0,200000.0,13.0,/home/mangelo/Documents/GitHub/slab/benchmarks/_out/pq_slab_issue_benchmark_20260615_102908/feature_surface/artifacts/python/replace_1.parquet
rename,python,1,32,0.0893364213407039,0,1,0,200000.0,13.0,/home/mangelo/Documents/GitHub/slab/benchmarks/_out/pq_slab_issue_benchmark_20260615_102908/feature_surface/artifacts/python/rename_1.parquet
order,python,1,33,0.0955539923161268,0,1,0,200000.0,13.0,/home/mangelo/Documents/GitHub/slab/benchmarks/_out/pq_slab_issue_benchmark_20260615_102908/feature_surface/artifacts/python/order_1.parquet
sort,python,1,34,0.1668077334761619,0,1,0,200000.0,13.0,/home/mangelo/Documents/GitHub/slab/benchmarks/_out/pq_slab_issue_benchmark_20260615_102908/feature_surface/artifacts/python/sort_1.parquet
gsort,python,1,35,0.1658211443573236,0,1,0,200000.0,13.0,/home/mangelo/Documents/GitHub/slab/benchmarks/_out/pq_slab_issue_benchmark_20260615_102908/feature_surface/artifacts/python/gsort_1.parquet
collapse,python,1,36,0.0825231242924928,0,1,0,192235.0,5.0,/home/mangelo/Documents/GitHub/slab/benchmarks/_out/pq_slab_issue_benchmark_20260615_102908/feature_surface/artifacts/python/collapse_1.parquet
contract,python,1,37,0.0144335646182298,0,1,0,20.0,3.0,/home/mangelo/Documents/GitHub/slab/benchmarks/_out/pq_slab_issue_benchmark_20260615_102908/feature_surface/artifacts/python/contract_1.parquet
duplicates_drop,python,1,38,0.0630371458828449,0,1,0,200000.0,3.0,/home/mangelo/Documents/GitHub/slab/benchmarks/_out/pq_slab_issue_benchmark_20260615_102908/feature_surface/artifacts/python/duplicates_drop_1.parquet
duplicates_report,python,1,39,0.0271704047918319,0,1,0,,,/home/mangelo/Documents/GitHub/slab/benchmarks/_out/pq_slab_issue_benchmark_20260615_102908/feature_surface/artifacts/python/duplicates_report_1.parquet
sample_count,python,1,40,0.0357615035027265,0,1,0,5000.0,13.0,/home/mangelo/Documents/GitHub/slab/benchmarks/_out/pq_slab_issue_benchmark_20260615_102908/feature_surface/artifacts/python/sample_count_1.parquet
reshape_wide,python,1,41,0.059202779084444,0,1,0,40000.0,6.0,/home/mangelo/Documents/GitHub/slab/benchmarks/_out/pq_slab_issue_benchmark_20260615_102908/feature_surface/artifacts/python/reshape_wide_1.parquet
reshape_long,python,1,42,0.0598120540380477,0,1,0,188905.0,3.0,/home/mangelo/Documents/GitHub/slab/benchmarks/_out/pq_slab_issue_benchmark_20260615_102908/feature_surface/artifacts/python/reshape_long_1.parquet
count,python,1,43,0.0023592710494995,0,1,0,200000.0,1.0,/home/mangelo/Documents/GitHub/slab/benchmarks/_out/pq_slab_issue_benchmark_20260615_102908/feature_surface/artifacts/python/count_1.parquet
count_if,python,1,44,0.0041120871901512,0,1,0,40000.0,1.0,/home/mangelo/Documents/GitHub/slab/benchmarks/_out/pq_slab_issue_benchmark_20260615_102908/feature_surface/artifacts/python/count_if_1.parquet
head,python,1,45,0.0138553045690059,0,1,0,10.0,13.0,/home/mangelo/Documents/GitHub/slab/benchmarks/_out/pq_slab_issue_benchmark_20260615_102908/feature_surface/artifacts/python/head_1.parquet
list,python,1,46,0.0088579095900058,0,1,0,20.0,3.0,/home/mangelo/Documents/GitHub/slab/benchmarks/_out/pq_slab_issue_benchmark_20260615_102908/feature_surface/artifacts/python/list_1.parquet
show,python,1,47,0.0001434665173292,0,1,0,,,/home/mangelo/Documents/GitHub/slab/benchmarks/_out/pq_slab_issue_benchmark_20260615_102908/feature_surface/artifacts/python/show_1.parquet
explain,python,1,48,0.0029312502592802,0,1,0,,,/home/mangelo/Documents/GitHub/slab/benchmarks/_out/pq_slab_issue_benchmark_20260615_102908/feature_surface/artifacts/python/explain_1.parquet
sql_clear,python,1,49,0.0103071350604295,0,1,0,40000.0,3.0,/home/mangelo/Documents/GitHub/slab/benchmarks/_out/pq_slab_issue_benchmark_20260615_102908/feature_surface/artifacts/python/sql_clear_1.parquet
sql_save,python,1,50,0.0131861567497253,0,1,0,40000.0,3.0,/home/mangelo/Documents/GitHub/slab/benchmarks/_out/pq_slab_issue_benchmark_20260615_102908/feature_surface/artifacts/python/sql_save_1.parquet
query_qualify,python,1,51,0.0511973798274993,0,1,0,40000.0,3.0,/home/mangelo/Documents/GitHub/slab/benchmarks/_out/pq_slab_issue_benchmark_20260615_102908/feature_surface/artifacts/python/query_qualify_1.parquet
summarize,python,1,52,0.0138821508735418,0,1,0,,,/home/mangelo/Documents/GitHub/slab/benchmarks/_out/pq_slab_issue_benchmark_20260615_102908/feature_surface/artifacts/python/summarize_1.parquet
summarize_detail,python,1,53,0.0951762665063142,0,1,0,,,/home/mangelo/Documents/GitHub/slab/benchmarks/_out/pq_slab_issue_benchmark_20260615_102908/feature_surface/artifacts/python/summarize_detail_1.parquet
tabulate_oneway,python,1,54,0.0064822230488061,0,1,0,,,/home/mangelo/Documents/GitHub/slab/benchmarks/_out/pq_slab_issue_benchmark_20260615_102908/feature_surface/artifacts/python/tabulate_oneway_1.parquet
tabulate_twoway,python,1,55,0.0140077471733093,0,1,0,,,/home/mangelo/Documents/GitHub/slab/benchmarks/_out/pq_slab_issue_benchmark_20260615_102908/feature_surface/artifacts/python/tabulate_twoway_1.parquet
misstable,python,1,56,0.0044372323900461,0,1,0,,,/home/mangelo/Documents/GitHub/slab/benchmarks/_out/pq_slab_issue_benchmark_20260615_102908/feature_surface/artifacts/python/misstable_1.parquet
misstable_patterns,python,1,57,0.0214947424829006,0,1,0,,,/home/mangelo/Documents/GitHub/slab/benchmarks/_out/pq_slab_issue_benchmark_20260615_102908/feature_surface/artifacts/python/misstable_patterns_1.parquet
levelsof,python,1,58,0.0047926176339387,0,1,0,,,/home/mangelo/Documents/GitHub/slab/benchmarks/_out/pq_slab_issue_benchmark_20260615_102908/feature_surface/artifacts/python/levelsof_1.parquet
ds,python,1,59,0.0005779340863227,0,1,0,,,/home/mangelo/Documents/GitHub/slab/benchmarks/_out/pq_slab_issue_benchmark_20260615_102908/feature_surface/artifacts/python/ds_1.parquet
lookfor,python,1,60,0.0009555350989103,0,1,0,,,/home/mangelo/Documents/GitHub/slab/benchmarks/_out/pq_slab_issue_benchmark_20260615_102908/feature_surface/artifacts/python/lookfor_1.parquet
codebook,python,1,61,0.0233330894261598,0,1,0,,,/home/mangelo/Documents/GitHub/slab/benchmarks/_out/pq_slab_issue_benchmark_20260615_102908/feature_surface/artifacts/python/codebook_1.parquet
distinct,python,1,62,0.0053777117282152,0,1,0,,,/home/mangelo/Documents/GitHub/slab/benchmarks/_out/pq_slab_issue_benchmark_20260615_102908/feature_surface/artifacts/python/distinct_1.parquet
tabstat,python,1,63,0.0130051113665103,0,1,0,,,/home/mangelo/Documents/GitHub/slab/benchmarks/_out/pq_slab_issue_benchmark_20260615_102908/feature_surface/artifacts/python/tabstat_1.parquet
correlate,python,1,64,0.0124481189996004,0,1,0,,,/home/mangelo/Documents/GitHub/slab/benchmarks/_out/pq_slab_issue_benchmark_20260615_102908/feature_surface/artifacts/python/correlate_1.parquet
pwcorr,python,1,65,0.0177807081490755,0,1,0,,,/home/mangelo/Documents/GitHub/slab/benchmarks/_out/pq_slab_issue_benchmark_20260615_102908/feature_surface/artifacts/python/pwcorr_1.parquet
histogram_nodraw,python,1,66,0.1630239337682724,0,1,0,,,/home/mangelo/Documents/GitHub/slab/benchmarks/_out/pq_slab_issue_benchmark_20260615_102908/feature_surface/artifacts/python/histogram_nodraw_1.parquet
joinby,python,1,67,0.1603605598211288,0,1,0,200000.0,14.0,/home/mangelo/Documents/GitHub/slab/benchmarks/_out/pq_slab_issue_benchmark_20260615_102908/feature_surface/artifacts/python/joinby_1.parquet
mergein,python,1,68,0.1021428443491458,0,1,0,200000.0,14.0,/home/mangelo/Documents/GitHub/slab/benchmarks/_out/pq_slab_issue_benchmark_20260615_102908/feature_surface/artifacts/python/mergein_1.parquet
appendin,python,1,69,0.1469748020172119,0,1,0,400000.0,13.0,/home/mangelo/Documents/GitHub/slab/benchmarks/_out/pq_slab_issue_benchmark_20260615_102908/feature_surface/artifacts/python/appendin_1.parquet
glimpse,python,1,70,0.0009352695196866,0,1,0,200000.0,13.0,/home/mangelo/Documents/GitHub/slab/benchmarks/_out/pq_slab_issue_benchmark_20260615_102908/feature_surface/data/workers.parquet
describe,python,2,1,0.0008420199155807,0,1,0,200000.0,13.0,/home/mangelo/Documents/GitHub/slab/benchmarks/_out/pq_slab_issue_benchmark_20260615_102908/feature_surface/data/workers.parquet
describe_detailed,python,2,2,0.0012702643871307,0,1,0,200000.0,13.0,/home/mangelo/Documents/GitHub/slab/benchmarks/_out/pq_slab_issue_benchmark_20260615_102908/feature_surface/data/workers.parquet
use,python,2,3,0.0089735835790634,0,1,0,200000.0,13.0,/home/mangelo/Documents/GitHub/slab/benchmarks/_out/pq_slab_issue_benchmark_20260615_102908/feature_surface/artifacts/python/use_2.parquet
use_varlist,python,2,4,0.005630038678646,0,1,0,200000.0,3.0,/home/mangelo/Documents/GitHub/slab/benchmarks/_out/pq_slab_issue_benchmark_20260615_102908/feature_surface/artifacts/python/use_varlist_2.parquet
use_filter,python,2,5,0.0367364808917045,0,1,0,40000.0,13.0,/home/mangelo/Documents/GitHub/slab/benchmarks/_out/pq_slab_issue_benchmark_20260615_102908/feature_surface/artifacts/python/use_filter_2.parquet
use_range,python,2,6,0.0128251183778047,0,1,0,5000.0,13.0,/home/mangelo/Documents/GitHub/slab/benchmarks/_out/pq_slab_issue_benchmark_20260615_102908/feature_surface/artifacts/python/use_range_2.parquet
use_sort,python,2,7,0.1138872615993022,0,1,0,200000.0,13.0,/home/mangelo/Documents/GitHub/slab/benchmarks/_out/pq_slab_issue_benchmark_20260615_102908/feature_surface/artifacts/python/use_sort_2.parquet
use_random_n,python,2,8,0.0327003393322229,0,1,0,5000.0,13.0,/home/mangelo/Documents/GitHub/slab/benchmarks/_out/pq_slab_issue_benchmark_20260615_102908/feature_surface/artifacts/python/use_random_n_2.parquet
use_drop,python,2,9,0.0855782683938741,0,1,0,200000.0,12.0,/home/mangelo/Documents/GitHub/slab/benchmarks/_out/pq_slab_issue_benchmark_20260615_102908/feature_surface/artifacts/python/use_drop_2.parquet
save,python,2,10,0.1648832950741052,0,1,0,200000.0,13.0,/home/mangelo/Documents/GitHub/slab/benchmarks/_out/pq_slab_issue_benchmark_20260615_102908/feature_surface/artifacts/python/save_2.parquet
save_varlist,python,2,11,0.0767282117158174,0,1,0,200000.0,3.0,/home/mangelo/Documents/GitHub/slab/benchmarks/_out/pq_slab_issue_benchmark_20260615_102908/feature_surface/artifacts/python/save_varlist_2.parquet
save_filter,python,2,12,0.0717021450400352,0,1,0,40000.0,13.0,/home/mangelo/Documents/GitHub/slab/benchmarks/_out/pq_slab_issue_benchmark_20260615_102908/feature_surface/artifacts/python/save_filter_2.parquet
save_partition_by,python,2,13,0.0891341064125299,0,1,0,,,/home/mangelo/Documents/GitHub/slab/benchmarks/_out/pq_slab_issue_benchmark_20260615_102908/feature_surface/artifacts/python/save_partition_by_2
save_chunk,python,2,14,0.1730310376733541,0,1,0,200000.0,13.0,/home/mangelo/Documents/GitHub/slab/benchmarks/_out/pq_slab_issue_benchmark_20260615_102908/feature_surface/artifacts/python/save_chunk_2.parquet
save_compression_zstd,python,2,15,0.1572859492152929,0,1,0,200000.0,13.0,/home/mangelo/Documents/GitHub/slab/benchmarks/_out/pq_slab_issue_benchmark_20260615_102908/feature_surface/artifacts/python/save_compression_zstd_2.parquet
append,python,2,16,0.0397091079503297,0,1,0,100000.0,3.0,/home/mangelo/Documents/GitHub/slab/benchmarks/_out/pq_slab_issue_benchmark_20260615_102908/feature_surface/artifacts/python/append_2.parquet
append_filter,python,2,17,0.0387160833925008,0,1,0,59947.0,3.0,/home/mangelo/Documents/GitHub/slab/benchmarks/_out/pq_slab_issue_benchmark_20260615_102908/feature_surface/artifacts/python/append_filter_2.parquet
merge,python,2,18,0.2049056477844715,0,1,0,200000.0,16.0,/home/mangelo/Documents/GitHub/slab/benchmarks/_out/pq_slab_issue_benchmark_20260615_102908/feature_surface/artifacts/python/merge_2.parquet
merge_keepusing,python,2,19,0.1193279288709163,0,1,0,200000.0,14.0,/home/mangelo/Documents/GitHub/slab/benchmarks/_out/pq_slab_issue_benchmark_20260615_102908/feature_surface/artifacts/python/merge_keepusing_2.parquet
use_lazy,python,2,20,0.002074671909213,0,1,0,,,/home/mangelo/Documents/GitHub/slab/benchmarks/_out/pq_slab_issue_benchmark_20260615_102908/feature_surface/artifacts/python/use_lazy_2.parquet
collect,python,2,21,0.0846917741000652,0,1,0,200000.0,13.0,/home/mangelo/Documents/GitHub/slab/benchmarks/_out/pq_slab_issue_benchmark_20260615_102908/feature_surface/artifacts/python/collect_2.parquet
open_data,python,2,22,0.1585401017218828,0,1,0,200000.0,13.0,/home/mangelo/Documents/GitHub/slab/benchmarks/_out/pq_slab_issue_benchmark_20260615_102908/feature_surface/artifacts/python/open_data_2.parquet
keep_vars,python,2,23,0.0238672364503145,0,1,0,200000.0,3.0,/home/mangelo/Documents/GitHub/slab/benchmarks/_out/pq_slab_issue_benchmark_20260615_102908/feature_surface/artifacts/python/keep_vars_2.parquet
drop_vars,python,2,24,0.0689414199441671,0,1,0,200000.0,12.0,/home/mangelo/Documents/GitHub/slab/benchmarks/_out/pq_slab_issue_benchmark_20260615_102908/feature_surface/artifacts/python/drop_vars_2.parquet
keep_if,python,2,25,0.0705502685159444,0,1,0,40000.0,13.0,/home/mangelo/Documents/GitHub/slab/benchmarks/_out/pq_slab_issue_benchmark_20260615_102908/feature_surface/artifacts/python/keep_if_2.parquet
drop_if,python,2,26,0.0973779149353504,0,1,0,120000.0,13.0,/home/mangelo/Documents/GitHub/slab/benchmarks/_out/pq_slab_issue_benchmark_20260615_102908/feature_surface/artifacts/python/drop_if_2.parquet
keep_in,python,2,27,0.0168215651065111,0,1,0,5000.0,13.0,/home/mangelo/Documents/GitHub/slab/benchmarks/_out/pq_slab_issue_benchmark_20260615_102908/feature_surface/artifacts/python/keep_in_2.parquet
gen,python,2,28,0.1090325210243463,0,1,0,188905.0,14.0,/home/mangelo/Documents/GitHub/slab/benchmarks/_out/pq_slab_issue_benchmark_20260615_102908/feature_surface/artifacts/python/gen_2.parquet
egen_by,python,2,29,0.150001622736454,0,1,0,200000.0,14.0,/home/mangelo/Documents/GitHub/slab/benchmarks/_out/pq_slab_issue_benchmark_20260615_102908/feature_surface/artifacts/python/egen_by_2.parquet
replace,python,2,30,0.0663324948400259,0,1,0,200000.0,13.0,/home/mangelo/Documents/GitHub/slab/benchmarks/_out/pq_slab_issue_benchmark_20260615_102908/feature_surface/artifacts/python/replace_2.parquet
rename,python,2,31,0.0874407365918159,0,1,0,200000.0,13.0,/home/mangelo/Documents/GitHub/slab/benchmarks/_out/pq_slab_issue_benchmark_20260615_102908/feature_surface/artifacts/python/rename_2.parquet
order,python,2,32,0.0753273777663707,0,1,0,200000.0,13.0,/home/mangelo/Documents/GitHub/slab/benchmarks/_out/pq_slab_issue_benchmark_20260615_102908/feature_surface/artifacts/python/order_2.parquet
sort,python,2,33,0.1543836630880832,0,1,0,200000.0,13.0,/home/mangelo/Documents/GitHub/slab/benchmarks/_out/pq_slab_issue_benchmark_20260615_102908/feature_surface/artifacts/python/sort_2.parquet
gsort,python,2,34,0.1492418274283409,0,1,0,200000.0,13.0,/home/mangelo/Documents/GitHub/slab/benchmarks/_out/pq_slab_issue_benchmark_20260615_102908/feature_surface/artifacts/python/gsort_2.parquet
collapse,python,2,35,0.0750385113060474,0,1,0,192235.0,5.0,/home/mangelo/Documents/GitHub/slab/benchmarks/_out/pq_slab_issue_benchmark_20260615_102908/feature_surface/artifacts/python/collapse_2.parquet
contract,python,2,36,0.008634602651,0,1,0,20.0,3.0,/home/mangelo/Documents/GitHub/slab/benchmarks/_out/pq_slab_issue_benchmark_20260615_102908/feature_surface/artifacts/python/contract_2.parquet
duplicates_drop,python,2,37,0.0474077817052602,0,1,0,200000.0,3.0,/home/mangelo/Documents/GitHub/slab/benchmarks/_out/pq_slab_issue_benchmark_20260615_102908/feature_surface/artifacts/python/duplicates_drop_2.parquet
duplicates_report,python,2,38,0.0145737528800964,0,1,0,,,/home/mangelo/Documents/GitHub/slab/benchmarks/_out/pq_slab_issue_benchmark_20260615_102908/feature_surface/artifacts/python/duplicates_report_2.parquet
sample_count,python,2,39,0.0382490716874599,0,1,0,5000.0,13.0,/home/mangelo/Documents/GitHub/slab/benchmarks/_out/pq_slab_issue_benchmark_20260615_102908/feature_surface/artifacts/python/sample_count_2.parquet
reshape_wide,python,2,40,0.0648379623889923,0,1,0,40000.0,6.0,/home/mangelo/Documents/GitHub/slab/benchmarks/_out/pq_slab_issue_benchmark_20260615_102908/feature_surface/artifacts/python/reshape_wide_2.parquet
reshape_long,python,2,41,0.0288577713072299,0,1,0,188905.0,3.0,/home/mangelo/Documents/GitHub/slab/benchmarks/_out/pq_slab_issue_benchmark_20260615_102908/feature_surface/artifacts/python/reshape_long_2.parquet
count,python,2,42,0.0045920349657535,0,1,0,200000.0,1.0,/home/mangelo/Documents/GitHub/slab/benchmarks/_out/pq_slab_issue_benchmark_20260615_102908/feature_surface/artifacts/python/count_2.parquet
count_if,python,2,43,0.004700681194663,0,1,0,40000.0,1.0,/home/mangelo/Documents/GitHub/slab/benchmarks/_out/pq_slab_issue_benchmark_20260615_102908/feature_surface/artifacts/python/count_if_2.parquet
head,python,2,44,0.006180390715599,0,1,0,10.0,13.0,/home/mangelo/Documents/GitHub/slab/benchmarks/_out/pq_slab_issue_benchmark_20260615_102908/feature_surface/artifacts/python/head_2.parquet
list,python,2,45,0.0062492750585079,0,1,0,20.0,3.0,/home/mangelo/Documents/GitHub/slab/benchmarks/_out/pq_slab_issue_benchmark_20260615_102908/feature_surface/artifacts/python/list_2.parquet
show,python,2,46,0.0001623574644327,0,1,0,,,/home/mangelo/Documents/GitHub/slab/benchmarks/_out/pq_slab_issue_benchmark_20260615_102908/feature_surface/artifacts/python/show_2.parquet
explain,python,2,47,0.0032502338290214,0,1,0,,,/home/mangelo/Documents/GitHub/slab/benchmarks/_out/pq_slab_issue_benchmark_20260615_102908/feature_surface/artifacts/python/explain_2.parquet
sql_clear,python,2,48,0.0098066627979278,0,1,0,40000.0,3.0,/home/mangelo/Documents/GitHub/slab/benchmarks/_out/pq_slab_issue_benchmark_20260615_102908/feature_surface/artifacts/python/sql_clear_2.parquet
sql_save,python,2,49,0.030144078657031,0,1,0,40000.0,3.0,/home/mangelo/Documents/GitHub/slab/benchmarks/_out/pq_slab_issue_benchmark_20260615_102908/feature_surface/artifacts/python/sql_save_2.parquet
query_qualify,python,2,50,0.0518154185265302,0,1,0,40000.0,3.0,/home/mangelo/Documents/GitHub/slab/benchmarks/_out/pq_slab_issue_benchmark_20260615_102908/feature_surface/artifacts/python/query_qualify_2.parquet
summarize,python,2,51,0.013502825051546,0,1,0,,,/home/mangelo/Documents/GitHub/slab/benchmarks/_out/pq_slab_issue_benchmark_20260615_102908/feature_surface/artifacts/python/summarize_2.parquet
summarize_detail,python,2,52,0.0543175600469112,0,1,0,,,/home/mangelo/Documents/GitHub/slab/benchmarks/_out/pq_slab_issue_benchmark_20260615_102908/feature_surface/artifacts/python/summarize_detail_2.parquet
tabulate_oneway,python,2,53,0.0046424455940723,0,1,0,,,/home/mangelo/Documents/GitHub/slab/benchmarks/_out/pq_slab_issue_benchmark_20260615_102908/feature_surface/artifacts/python/tabulate_oneway_2.parquet
tabulate_twoway,python,2,54,0.0087585020810365,0,1,0,,,/home/mangelo/Documents/GitHub/slab/benchmarks/_out/pq_slab_issue_benchmark_20260615_102908/feature_surface/artifacts/python/tabulate_twoway_2.parquet
misstable,python,2,55,0.0061176884919404,0,1,0,,,/home/mangelo/Documents/GitHub/slab/benchmarks/_out/pq_slab_issue_benchmark_20260615_102908/feature_surface/artifacts/python/misstable_2.parquet
misstable_patterns,python,2,56,0.0155696459114551,0,1,0,,,/home/mangelo/Documents/GitHub/slab/benchmarks/_out/pq_slab_issue_benchmark_20260615_102908/feature_surface/artifacts/python/misstable_patterns_2.parquet
levelsof,python,2,57,0.0045175310224294,0,1,0,,,/home/mangelo/Documents/GitHub/slab/benchmarks/_out/pq_slab_issue_benchmark_20260615_102908/feature_surface/artifacts/python/levelsof_2.parquet
ds,python,2,58,0.00075264275074,0,1,0,,,/home/mangelo/Documents/GitHub/slab/benchmarks/_out/pq_slab_issue_benchmark_20260615_102908/feature_surface/artifacts/python/ds_2.parquet
lookfor,python,2,59,0.0006141085177659,0,1,0,,,/home/mangelo/Documents/GitHub/slab/benchmarks/_out/pq_slab_issue_benchmark_20260615_102908/feature_surface/artifacts/python/lookfor_2.parquet
codebook,python,2,60,0.0151801314204931,0,1,0,,,/home/mangelo/Documents/GitHub/slab/benchmarks/_out/pq_slab_issue_benchmark_20260615_102908/feature_surface/artifacts/python/codebook_2.parquet
distinct,python,2,61,0.0039701610803604,0,1,0,,,/home/mangelo/Documents/GitHub/slab/benchmarks/_out/pq_slab_issue_benchmark_20260615_102908/feature_surface/artifacts/python/distinct_2.parquet
tabstat,python,2,62,0.0086585376411676,0,1,0,,,/home/mangelo/Documents/GitHub/slab/benchmarks/_out/pq_slab_issue_benchmark_20260615_102908/feature_surface/artifacts/python/tabstat_2.parquet
correlate,python,2,63,0.0095941666513681,0,1,0,,,/home/mangelo/Documents/GitHub/slab/benchmarks/_out/pq_slab_issue_benchmark_20260615_102908/feature_surface/artifacts/python/correlate_2.parquet
pwcorr,python,2,64,0.0120064821094274,0,1,0,,,/home/mangelo/Documents/GitHub/slab/benchmarks/_out/pq_slab_issue_benchmark_20260615_102908/feature_surface/artifacts/python/pwcorr_2.parquet
histogram_nodraw,python,2,65,0.2071731891483068,0,1,0,,,/home/mangelo/Documents/GitHub/slab/benchmarks/_out/pq_slab_issue_benchmark_20260615_102908/feature_surface/artifacts/python/histogram_nodraw_2.parquet
joinby,python,2,66,0.1308774352073669,0,1,0,200000.0,14.0,/home/mangelo/Documents/GitHub/slab/benchmarks/_out/pq_slab_issue_benchmark_20260615_102908/feature_surface/artifacts/python/joinby_2.parquet
mergein,python,2,67,0.1123739760369062,0,1,0,200000.0,14.0,/home/mangelo/Documents/GitHub/slab/benchmarks/_out/pq_slab_issue_benchmark_20260615_102908/feature_surface/artifacts/python/mergein_2.parquet
appendin,python,2,68,0.1218734607100486,0,1,0,400000.0,13.0,/home/mangelo/Documents/GitHub/slab/benchmarks/_out/pq_slab_issue_benchmark_20260615_102908/feature_surface/artifacts/python/appendin_2.parquet
glimpse,python,2,69,0.0004698056727647,0,1,0,200000.0,13.0,/home/mangelo/Documents/GitHub/slab/benchmarks/_out/pq_slab_issue_benchmark_20260615_102908/feature_surface/data/workers.parquet
path,python,2,70,0.0001591574400663,0,1,0,,,/home/mangelo/Documents/GitHub/slab/benchmarks/_out/pq_slab_issue_benchmark_20260615_102908/feature_surface/data/workers.parquet
describe_detailed,python,3,1,0.0004144664853811,0,1,0,200000.0,13.0,/home/mangelo/Documents/GitHub/slab/benchmarks/_out/pq_slab_issue_benchmark_20260615_102908/feature_surface/data/workers.parquet
use,python,3,2,0.0085424669086933,0,1,0,200000.0,13.0,/home/mangelo/Documents/GitHub/slab/benchmarks/_out/pq_slab_issue_benchmark_20260615_102908/feature_surface/artifacts/python/use_3.parquet
use_varlist,python,3,3,0.0056530609726905,0,1,0,200000.0,3.0,/home/mangelo/Documents/GitHub/slab/benchmarks/_out/pq_slab_issue_benchmark_20260615_102908/feature_surface/artifacts/python/use_varlist_3.parquet
use_filter,python,3,4,0.0527997594326734,0,1,0,40000.0,13.0,/home/mangelo/Documents/GitHub/slab/benchmarks/_out/pq_slab_issue_benchmark_20260615_102908/feature_surface/artifacts/python/use_filter_3.parquet
use_range,python,3,5,0.0175013560801744,0,1,0,5000.0,13.0,/home/mangelo/Documents/GitHub/slab/benchmarks/_out/pq_slab_issue_benchmark_20260615_102908/feature_surface/artifacts/python/use_range_3.parquet
use_sort,python,3,6,0.0772414337843656,0,1,0,200000.0,13.0,/home/mangelo/Documents/GitHub/slab/benchmarks/_out/pq_slab_issue_benchmark_20260615_102908/feature_surface/artifacts/python/use_sort_3.parquet
use_random_n,python,3,7,0.0324950776994228,0,1,0,5000.0,13.0,/home/mangelo/Documents/GitHub/slab/benchmarks/_out/pq_slab_issue_benchmark_20260615_102908/feature_surface/artifacts/python/use_random_n_3.parquet
use_drop,python,3,8,0.0743497516959905,0,1,0,200000.0,12.0,/home/mangelo/Documents/GitHub/slab/benchmarks/_out/pq_slab_issue_benchmark_20260615_102908/feature_surface/artifacts/python/use_drop_3.parquet
save,python,3,9,0.1402112282812595,0,1,0,200000.0,13.0,/home/mangelo/Documents/GitHub/slab/benchmarks/_out/pq_slab_issue_benchmark_20260615_102908/feature_surface/artifacts/python/save_3.parquet
save_varlist,python,3,10,0.0710710808634758,0,1,0,200000.0,3.0,/home/mangelo/Documents/GitHub/slab/benchmarks/_out/pq_slab_issue_benchmark_20260615_102908/feature_surface/artifacts/python/save_varlist_3.parquet
save_filter,python,3,11,0.086517758667469,0,1,0,40000.0,13.0,/home/mangelo/Documents/GitHub/slab/benchmarks/_out/pq_slab_issue_benchmark_20260615_102908/feature_surface/artifacts/python/save_filter_3.parquet
save_partition_by,python,3,12,0.0909593366086483,0,1,0,,,/home/mangelo/Documents/GitHub/slab/benchmarks/_out/pq_slab_issue_benchmark_20260615_102908/feature_surface/artifacts/python/save_partition_by_3
save_chunk,python,3,13,0.1652400437742471,0,1,0,200000.0,13.0,/home/mangelo/Documents/GitHub/slab/benchmarks/_out/pq_slab_issue_benchmark_20260615_102908/feature_surface/artifacts/python/save_chunk_3.parquet
save_compression_zstd,python,3,14,0.120555130764842,0,1,0,200000.0,13.0,/home/mangelo/Documents/GitHub/slab/benchmarks/_out/pq_slab_issue_benchmark_20260615_102908/feature_surface/artifacts/python/save_compression_zstd_3.parquet
append,python,3,15,0.051371406763792,0,1,0,100000.0,3.0,/home/mangelo/Documents/GitHub/slab/benchmarks/_out/pq_slab_issue_benchmark_20260615_102908/feature_surface/artifacts/python/append_3.parquet
append_filter,python,3,16,0.0356867760419845,0,1,0,59947.0,3.0,/home/mangelo/Documents/GitHub/slab/benchmarks/_out/pq_slab_issue_benchmark_20260615_102908/feature_surface/artifacts/python/append_filter_3.parquet
merge,python,3,17,0.2102536521852016,0,1,0,200000.0,16.0,/home/mangelo/Documents/GitHub/slab/benchmarks/_out/pq_slab_issue_benchmark_20260615_102908/feature_surface/artifacts/python/merge_3.parquet
merge_keepusing,python,3,18,0.1176827028393745,0,1,0,200000.0,14.0,/home/mangelo/Documents/GitHub/slab/benchmarks/_out/pq_slab_issue_benchmark_20260615_102908/feature_surface/artifacts/python/merge_keepusing_3.parquet
use_lazy,python,3,19,0.0011113286018371,0,1,0,,,/home/mangelo/Documents/GitHub/slab/benchmarks/_out/pq_slab_issue_benchmark_20260615_102908/feature_surface/artifacts/python/use_lazy_3.parquet
collect,python,3,20,0.0399952176958322,0,1,0,200000.0,13.0,/home/mangelo/Documents/GitHub/slab/benchmarks/_out/pq_slab_issue_benchmark_20260615_102908/feature_surface/artifacts/python/collect_3.parquet
open_data,python,3,21,0.1027405634522438,0,1,0,200000.0,13.0,/home/mangelo/Documents/GitHub/slab/benchmarks/_out/pq_slab_issue_benchmark_20260615_102908/feature_surface/artifacts/python/open_data_3.parquet
keep_vars,python,3,22,0.0252029579132795,0,1,0,200000.0,3.0,/home/mangelo/Documents/GitHub/slab/benchmarks/_out/pq_slab_issue_benchmark_20260615_102908/feature_surface/artifacts/python/keep_vars_3.parquet
drop_vars,python,3,23,0.0804408360272646,0,1,0,200000.0,12.0,/home/mangelo/Documents/GitHub/slab/benchmarks/_out/pq_slab_issue_benchmark_20260615_102908/feature_surface/artifacts/python/drop_vars_3.parquet
keep_if,python,3,24,0.0729390960186719,0,1,0,40000.0,13.0,/home/mangelo/Documents/GitHub/slab/benchmarks/_out/pq_slab_issue_benchmark_20260615_102908/feature_surface/artifacts/python/keep_if_3.parquet
drop_if,python,3,25,0.1017552949488163,0,1,0,120000.0,13.0,/home/mangelo/Documents/GitHub/slab/benchmarks/_out/pq_slab_issue_benchmark_20260615_102908/feature_surface/artifacts/python/drop_if_3.parquet
keep_in,python,3,26,0.0294184684753417,0,1,0,5000.0,13.0,/home/mangelo/Documents/GitHub/slab/benchmarks/_out/pq_slab_issue_benchmark_20260615_102908/feature_surface/artifacts/python/keep_in_3.parquet
gen,python,3,27,0.106665039435029,0,1,0,188905.0,14.0,/home/mangelo/Documents/GitHub/slab/benchmarks/_out/pq_slab_issue_benchmark_20260615_102908/feature_surface/artifacts/python/gen_3.parquet
egen_by,python,3,28,0.1870130077004432,0,1,0,200000.0,14.0,/home/mangelo/Documents/GitHub/slab/benchmarks/_out/pq_slab_issue_benchmark_20260615_102908/feature_surface/artifacts/python/egen_by_3.parquet
replace,python,3,29,0.1020349860191345,0,1,0,200000.0,13.0,/home/mangelo/Documents/GitHub/slab/benchmarks/_out/pq_slab_issue_benchmark_20260615_102908/feature_surface/artifacts/python/replace_3.parquet
rename,python,3,30,0.0939372833818197,0,1,0,200000.0,13.0,/home/mangelo/Documents/GitHub/slab/benchmarks/_out/pq_slab_issue_benchmark_20260615_102908/feature_surface/artifacts/python/rename_3.parquet
order,python,3,31,0.0782980844378471,0,1,0,200000.0,13.0,/home/mangelo/Documents/GitHub/slab/benchmarks/_out/pq_slab_issue_benchmark_20260615_102908/feature_surface/artifacts/python/order_3.parquet
sort,python,3,32,0.1564176883548498,0,1,0,200000.0,13.0,/home/mangelo/Documents/GitHub/slab/benchmarks/_out/pq_slab_issue_benchmark_20260615_102908/feature_surface/artifacts/python/sort_3.parquet
gsort,python,3,33,0.1728657074272632,0,1,0,200000.0,13.0,/home/mangelo/Documents/GitHub/slab/benchmarks/_out/pq_slab_issue_benchmark_20260615_102908/feature_surface/artifacts/python/gsort_3.parquet
collapse,python,3,34,0.0499821938574314,0,1,0,192235.0,5.0,/home/mangelo/Documents/GitHub/slab/benchmarks/_out/pq_slab_issue_benchmark_20260615_102908/feature_surface/artifacts/python/collapse_3.parquet
contract,python,3,35,0.0079371351748704,0,1,0,20.0,3.0,/home/mangelo/Documents/GitHub/slab/benchmarks/_out/pq_slab_issue_benchmark_20260615_102908/feature_surface/artifacts/python/contract_3.parquet
duplicates_drop,python,3,36,0.069328548386693,0,1,0,200000.0,3.0,/home/mangelo/Documents/GitHub/slab/benchmarks/_out/pq_slab_issue_benchmark_20260615_102908/feature_surface/artifacts/python/duplicates_drop_3.parquet
duplicates_report,python,3,37,0.0110707357525825,0,1,0,,,/home/mangelo/Documents/GitHub/slab/benchmarks/_out/pq_slab_issue_benchmark_20260615_102908/feature_surface/artifacts/python/duplicates_report_3.parquet
sample_count,python,3,38,0.0296395123004913,0,1,0,5000.0,13.0,/home/mangelo/Documents/GitHub/slab/benchmarks/_out/pq_slab_issue_benchmark_20260615_102908/feature_surface/artifacts/python/sample_count_3.parquet
reshape_wide,python,3,39,0.0675251930952072,0,1,0,40000.0,6.0,/home/mangelo/Documents/GitHub/slab/benchmarks/_out/pq_slab_issue_benchmark_20260615_102908/feature_surface/artifacts/python/reshape_wide_3.parquet
reshape_long,python,3,40,0.0516025964170694,0,1,0,188905.0,3.0,/home/mangelo/Documents/GitHub/slab/benchmarks/_out/pq_slab_issue_benchmark_20260615_102908/feature_surface/artifacts/python/reshape_long_3.parquet
count,python,3,41,0.002480324357748,0,1,0,200000.0,1.0,/home/mangelo/Documents/GitHub/slab/benchmarks/_out/pq_slab_issue_benchmark_20260615_102908/feature_surface/artifacts/python/count_3.parquet
count_if,python,3,42,0.0033564921468496,0,1,0,40000.0,1.0,/home/mangelo/Documents/GitHub/slab/benchmarks/_out/pq_slab_issue_benchmark_20260615_102908/feature_surface/artifacts/python/count_if_3.parquet
head,python,3,43,0.0045820716768503,0,1,0,10.0,13.0,/home/mangelo/Documents/GitHub/slab/benchmarks/_out/pq_slab_issue_benchmark_20260615_102908/feature_surface/artifacts/python/head_3.parquet
list,python,3,44,0.0065786186605691,0,1,0,20.0,3.0,/home/mangelo/Documents/GitHub/slab/benchmarks/_out/pq_slab_issue_benchmark_20260615_102908/feature_surface/artifacts/python/list_3.parquet
show,python,3,45,0.0001155808568,0,1,0,,,/home/mangelo/Documents/GitHub/slab/benchmarks/_out/pq_slab_issue_benchmark_20260615_102908/feature_surface/artifacts/python/show_3.parquet
explain,python,3,46,0.0041579473763704,0,1,0,,,/home/mangelo/Documents/GitHub/slab/benchmarks/_out/pq_slab_issue_benchmark_20260615_102908/feature_surface/artifacts/python/explain_3.parquet
sql_clear,python,3,47,0.0117062348872423,0,1,0,40000.0,3.0,/home/mangelo/Documents/GitHub/slab/benchmarks/_out/pq_slab_issue_benchmark_20260615_102908/feature_surface/artifacts/python/sql_clear_3.parquet
sql_save,python,3,48,0.0263566933572292,0,1,0,40000.0,3.0,/home/mangelo/Documents/GitHub/slab/benchmarks/_out/pq_slab_issue_benchmark_20260615_102908/feature_surface/artifacts/python/sql_save_3.parquet
query_qualify,python,3,49,0.0487850420176982,0,1,0,40000.0,3.0,/home/mangelo/Documents/GitHub/slab/benchmarks/_out/pq_slab_issue_benchmark_20260615_102908/feature_surface/artifacts/python/query_qualify_3.parquet
summarize,python,3,50,0.0131542943418025,0,1,0,,,/home/mangelo/Documents/GitHub/slab/benchmarks/_out/pq_slab_issue_benchmark_20260615_102908/feature_surface/artifacts/python/summarize_3.parquet
summarize_detail,python,3,51,0.0989443659782409,0,1,0,,,/home/mangelo/Documents/GitHub/slab/benchmarks/_out/pq_slab_issue_benchmark_20260615_102908/feature_surface/artifacts/python/summarize_detail_3.parquet
tabulate_oneway,python,3,52,0.0052580721676349,0,1,0,,,/home/mangelo/Documents/GitHub/slab/benchmarks/_out/pq_slab_issue_benchmark_20260615_102908/feature_surface/artifacts/python/tabulate_oneway_3.parquet
tabulate_twoway,python,3,53,0.0144939310848712,0,1,0,,,/home/mangelo/Documents/GitHub/slab/benchmarks/_out/pq_slab_issue_benchmark_20260615_102908/feature_surface/artifacts/python/tabulate_twoway_3.parquet
misstable,python,3,54,0.0069937538355588,0,1,0,,,/home/mangelo/Documents/GitHub/slab/benchmarks/_out/pq_slab_issue_benchmark_20260615_102908/feature_surface/artifacts/python/misstable_3.parquet
misstable_patterns,python,3,55,0.0109105501323938,0,1,0,,,/home/mangelo/Documents/GitHub/slab/benchmarks/_out/pq_slab_issue_benchmark_20260615_102908/feature_surface/artifacts/python/misstable_patterns_3.parquet
levelsof,python,3,56,0.005266772583127,0,1,0,,,/home/mangelo/Documents/GitHub/slab/benchmarks/_out/pq_slab_issue_benchmark_20260615_102908/feature_surface/artifacts/python/levelsof_3.parquet
ds,python,3,57,0.0006670597940683,0,1,0,,,/home/mangelo/Documents/GitHub/slab/benchmarks/_out/pq_slab_issue_benchmark_20260615_102908/feature_surface/artifacts/python/ds_3.parquet
lookfor,python,3,58,0.0009271595627069,0,1,0,,,/home/mangelo/Documents/GitHub/slab/benchmarks/_out/pq_slab_issue_benchmark_20260615_102908/feature_surface/artifacts/python/lookfor_3.parquet
codebook,python,3,59,0.0229097306728363,0,1,0,,,/home/mangelo/Documents/GitHub/slab/benchmarks/_out/pq_slab_issue_benchmark_20260615_102908/feature_surface/artifacts/python/codebook_3.parquet
distinct,python,3,60,0.0045330245047807,0,1,0,,,/home/mangelo/Documents/GitHub/slab/benchmarks/_out/pq_slab_issue_benchmark_20260615_102908/feature_surface/artifacts/python/distinct_3.parquet
tabstat,python,3,61,0.0101891495287418,0,1,0,,,/home/mangelo/Documents/GitHub/slab/benchmarks/_out/pq_slab_issue_benchmark_20260615_102908/feature_surface/artifacts/python/tabstat_3.parquet
correlate,python,3,62,0.0166394282132387,0,1,0,,,/home/mangelo/Documents/GitHub/slab/benchmarks/_out/pq_slab_issue_benchmark_20260615_102908/feature_surface/artifacts/python/correlate_3.parquet
pwcorr,python,3,63,0.0168432369828224,0,1,0,,,/home/mangelo/Documents/GitHub/slab/benchmarks/_out/pq_slab_issue_benchmark_20260615_102908/feature_surface/artifacts/python/pwcorr_3.parquet
histogram_nodraw,python,3,64,0.1534260809421539,0,1,0,,,/home/mangelo/Documents/GitHub/slab/benchmarks/_out/pq_slab_issue_benchmark_20260615_102908/feature_surface/artifacts/python/histogram_nodraw_3.parquet
joinby,python,3,65,0.1051256190985441,0,1,0,200000.0,14.0,/home/mangelo/Documents/GitHub/slab/benchmarks/_out/pq_slab_issue_benchmark_20260615_102908/feature_surface/artifacts/python/joinby_3.parquet
mergein,python,3,66,0.12446179240942,0,1,0,200000.0,14.0,/home/mangelo/Documents/GitHub/slab/benchmarks/_out/pq_slab_issue_benchmark_20260615_102908/feature_surface/artifacts/python/mergein_3.parquet
appendin,python,3,67,0.1193537376821041,0,1,0,400000.0,13.0,/home/mangelo/Documents/GitHub/slab/benchmarks/_out/pq_slab_issue_benchmark_20260615_102908/feature_surface/artifacts/python/appendin_3.parquet
glimpse,python,3,68,0.0008951518684625,0,1,0,200000.0,13.0,/home/mangelo/Documents/GitHub/slab/benchmarks/_out/pq_slab_issue_benchmark_20260615_102908/feature_surface/data/workers.parquet
path,python,3,69,0.0002645384520292,0,1,0,,,/home/mangelo/Documents/GitHub/slab/benchmarks/_out/pq_slab_issue_benchmark_20260615_102908/feature_surface/data/workers.parquet
describe,python,3,70,0.0008588973432779,0,1,0,200000.0,13.0,/home/mangelo/Documents/GitHub/slab/benchmarks/_out/pq_slab_issue_benchmark_20260615_102908/feature_surface/data/workers.parquet
path,pq,1,1,0.003,0,1,0,200000.0,13.0,/home/mangelo/Documents/GitHub/slab/benchmarks/_out/pq_slab_issue_benchmark_20260615_102908/feature_surface/data/workers.parquet
path,slab,1,2,0.0,0,1,0,200000.0,13.0,/home/mangelo/Documents/GitHub/slab/benchmarks/_out/pq_slab_issue_benchmark_20260615_102908/feature_surface/data/workers.parquet
describe,pq,1,3,0.039,0,1,0,200000.0,13.0,/home/mangelo/Documents/GitHub/slab/benchmarks/_out/pq_slab_issue_benchmark_20260615_102908/feature_surface/artifacts/pq/describe_1.parquet
describe,slab,1,4,0.031,0,1,0,200000.0,13.0,/home/mangelo/Documents/GitHub/slab/benchmarks/_out/pq_slab_issue_benchmark_20260615_102908/feature_surface/artifacts/slab/describe_1.parquet
describe_detailed,pq,1,5,0.031,0,1,0,200000.0,13.0,/home/mangelo/Documents/GitHub/slab/benchmarks/_out/pq_slab_issue_benchmark_20260615_102908/feature_surface/artifacts/pq/describe_detailed_1.parquet
describe_detailed,slab,1,6,0.025,0,1,0,200000.0,13.0,/home/mangelo/Documents/GitHub/slab/benchmarks/_out/pq_slab_issue_benchmark_20260615_102908/feature_surface/artifacts/slab/describe_detailed_1.parquet
use,pq,1,7,0.175,0,1,0,200000.0,13.0,/home/mangelo/Documents/GitHub/slab/benchmarks/_out/pq_slab_issue_benchmark_20260615_102908/feature_surface/artifacts/pq/use_1.parquet
use,slab,1,8,0.069,0,1,0,200000.0,13.0,/home/mangelo/Documents/GitHub/slab/benchmarks/_out/pq_slab_issue_benchmark_20260615_102908/feature_surface/artifacts/slab/use_1.parquet
use_varlist,pq,1,9,0.015,0,1,0,200000.0,3.0,/home/mangelo/Documents/GitHub/slab/benchmarks/_out/pq_slab_issue_benchmark_20260615_102908/feature_surface/artifacts/pq/use_varlist_1.parquet
use_varlist,slab,1,10,0.021,0,1,0,200000.0,3.0,/home/mangelo/Documents/GitHub/slab/benchmarks/_out/pq_slab_issue_benchmark_20260615_102908/feature_surface/artifacts/slab/use_varlist_1.parquet
use_filter,pq,1,11,0.035,0,1,0,40000.0,13.0,/home/mangelo/Documents/GitHub/slab/benchmarks/_out/pq_slab_issue_benchmark_20260615_102908/feature_surface/artifacts/pq/use_filter_1.parquet
use_filter,slab,1,12,0.07,0,1,0,40000.0,13.0,/home/mangelo/Documents/GitHub/slab/benchmarks/_out/pq_slab_issue_benchmark_20260615_102908/feature_surface/artifacts/slab/use_filter_1.parquet
use_range,pq,1,13,0.042,0,1,0,5000.0,13.0,/home/mangelo/Documents/GitHub/slab/benchmarks/_out/pq_slab_issue_benchmark_20260615_102908/feature_surface/artifacts/pq/use_range_1.parquet
use_range,slab,1,14,0.026,0,1,0,5000.0,13.0,/home/mangelo/Documents/GitHub/slab/benchmarks/_out/pq_slab_issue_benchmark_20260615_102908/feature_surface/artifacts/slab/use_range_1.parquet
use_sort,pq,1,15,0.127,0,1,0,200000.0,13.0,/home/mangelo/Documents/GitHub/slab/benchmarks/_out/pq_slab_issue_benchmark_20260615_102908/feature_surface/artifacts/pq/use_sort_1.parquet
use_sort,slab,1,16,0.171,0,1,0,200000.0,13.0,/home/mangelo/Documents/GitHub/slab/benchmarks/_out/pq_slab_issue_benchmark_20260615_102908/feature_surface/artifacts/slab/use_sort_1.parquet
use_random_n,pq,1,17,0.041,0,1,0,5000.0,13.0,/home/mangelo/Documents/GitHub/slab/benchmarks/_out/pq_slab_issue_benchmark_20260615_102908/feature_surface/artifacts/pq/use_random_n_1.parquet
use_random_n,slab,1,18,0.055,0,1,0,5000.0,13.0,/home/mangelo/Documents/GitHub/slab/benchmarks/_out/pq_slab_issue_benchmark_20260615_102908/feature_surface/artifacts/slab/use_random_n_1.parquet
use_drop,pq,1,19,0.08,0,1,0,200000.0,12.0,/home/mangelo/Documents/GitHub/slab/benchmarks/_out/pq_slab_issue_benchmark_20260615_102908/feature_surface/artifacts/pq/use_drop_1.parquet
use_drop,slab,1,20,0.137,0,1,0,200000.0,12.0,/home/mangelo/Documents/GitHub/slab/benchmarks/_out/pq_slab_issue_benchmark_20260615_102908/feature_surface/artifacts/slab/use_drop_1.parquet
save,pq,1,21,0.167,0,1,0,200000.0,13.0,/home/mangelo/Documents/GitHub/slab/benchmarks/_out/pq_slab_issue_benchmark_20260615_102908/feature_surface/artifacts/pq/save_1.parquet
save,slab,1,22,0.348,0,1,0,200000.0,13.0,/home/mangelo/Documents/GitHub/slab/benchmarks/_out/pq_slab_issue_benchmark_20260615_102908/feature_surface/artifacts/slab/save_1.parquet
save_varlist,pq,1,23,0.04,0,1,0,200000.0,3.0,/home/mangelo/Documents/GitHub/slab/benchmarks/_out/pq_slab_issue_benchmark_20260615_102908/feature_surface/artifacts/pq/save_varlist_1.parquet
save_varlist,slab,1,24,0.057,0,1,0,200000.0,3.0,/home/mangelo/Documents/GitHub/slab/benchmarks/_out/pq_slab_issue_benchmark_20260615_102908/feature_surface/artifacts/slab/save_varlist_1.parquet
save_filter,pq,1,25,0.189,0,1,0,40000.0,13.0,/home/mangelo/Documents/GitHub/slab/benchmarks/_out/pq_slab_issue_benchmark_20260615_102908/feature_surface/artifacts/pq/save_filter_1.parquet
save_filter,slab,1,26,0.052,0,1,0,40000.0,13.0,/home/mangelo/Documents/GitHub/slab/benchmarks/_out/pq_slab_issue_benchmark_20260615_102908/feature_surface/artifacts/slab/save_filter_1.parquet
save_partition_by,pq,1,27,0.255,0,1,0,200000.0,13.0,/home/mangelo/Documents/GitHub/slab/benchmarks/_out/pq_slab_issue_benchmark_20260615_102908/feature_surface/artifacts/pq/save_partition_by_1
save_partition_by,slab,1,28,0.3139999999999999,0,1,0,200000.0,13.0,/home/mangelo/Documents/GitHub/slab/benchmarks/_out/pq_slab_issue_benchmark_20260615_102908/feature_surface/artifacts/slab/save_partition_by_1
save_chunk,pq,1,29,1.013,0,1,0,200000.0,13.0,/home/mangelo/Documents/GitHub/slab/benchmarks/_out/pq_slab_issue_benchmark_20260615_102908/feature_surface/artifacts/pq/save_chunk_1.parquet
save_chunk,slab,1,30,0.267,0,1,0,200000.0,13.0,/home/mangelo/Documents/GitHub/slab/benchmarks/_out/pq_slab_issue_benchmark_20260615_102908/feature_surface/artifacts/slab/save_chunk_1.parquet
save_compression_zstd,pq,1,31,0.2,0,1,0,200000.0,13.0,/home/mangelo/Documents/GitHub/slab/benchmarks/_out/pq_slab_issue_benchmark_20260615_102908/feature_surface/artifacts/pq/save_compression_zstd_1.parquet
save_compression_zstd,slab,1,32,0.274,0,1,0,200000.0,13.0,/home/mangelo/Documents/GitHub/slab/benchmarks/_out/pq_slab_issue_benchmark_20260615_102908/feature_surface/artifacts/slab/save_compression_zstd_1.parquet
append,pq,1,33,0.1,0,1,0,100000.0,3.0,/home/mangelo/Documents/GitHub/slab/benchmarks/_out/pq_slab_issue_benchmark_20260615_102908/feature_surface/artifacts/pq/append_1.parquet
append,slab,1,34,0.033,0,1,0,100000.0,3.0,/home/mangelo/Documents/GitHub/slab/benchmarks/_out/pq_slab_issue_benchmark_20260615_102908/feature_surface/artifacts/slab/append_1.parquet
append_filter,pq,1,35,0.086,0,1,0,59947.0,3.0,/home/mangelo/Documents/GitHub/slab/benchmarks/_out/pq_slab_issue_benchmark_20260615_102908/feature_surface/artifacts/pq/append_filter_1.parquet
append_filter,slab,1,36,0.041,0,1,0,19894.0,3.0,/home/mangelo/Documents/GitHub/slab/benchmarks/_out/pq_slab_issue_benchmark_20260615_102908/feature_surface/artifacts/slab/append_filter_1.parquet
merge,pq,1,37,0.5720000000000001,0,1,0,200000.0,16.0,/home/mangelo/Documents/GitHub/slab/benchmarks/_out/pq_slab_issue_benchmark_20260615_102908/feature_surface/artifacts/pq/merge_1.parquet
merge,slab,1,38,0.258,0,1,0,200000.0,16.0,/home/mangelo/Documents/GitHub/slab/benchmarks/_out/pq_slab_issue_benchmark_20260615_102908/feature_surface/artifacts/slab/merge_1.parquet
merge_keepusing,pq,1,39,0.526,0,1,0,200000.0,14.0,/home/mangelo/Documents/GitHub/slab/benchmarks/_out/pq_slab_issue_benchmark_20260615_102908/feature_surface/artifacts/pq/merge_keepusing_1.parquet
merge_keepusing,slab,1,40,0.247,0,1,0,200000.0,14.0,/home/mangelo/Documents/GitHub/slab/benchmarks/_out/pq_slab_issue_benchmark_20260615_102908/feature_surface/artifacts/slab/merge_keepusing_1.parquet
use_lazy,slab,1,41,0.008,0,1,0,,,/home/mangelo/Documents/GitHub/slab/benchmarks/_out/pq_slab_issue_benchmark_20260615_102908/feature_surface/artifacts/slab/use_lazy_1.parquet
collect,slab,1,42,0.095,0,1,0,200000.0,13.0,/home/mangelo/Documents/GitHub/slab/benchmarks/_out/pq_slab_issue_benchmark_20260615_102908/feature_surface/artifacts/slab/collect_1.parquet
open_data,slab,1,43,0.021,0,1,0,,,/home/mangelo/Documents/GitHub/slab/benchmarks/_out/pq_slab_issue_benchmark_20260615_102908/feature_surface/artifacts/slab/open_data_1.parquet
keep_vars,slab,1,44,0.042,0,1,0,200000.0,3.0,/home/mangelo/Documents/GitHub/slab/benchmarks/_out/pq_slab_issue_benchmark_20260615_102908/feature_surface/artifacts/slab/keep_vars_1.parquet
drop_vars,slab,1,45,0.082,0,1,0,200000.0,12.0,/home/mangelo/Documents/GitHub/slab/benchmarks/_out/pq_slab_issue_benchmark_20260615_102908/feature_surface/artifacts/slab/drop_vars_1.parquet
keep_if,slab,1,46,0.0669999999999999,0,1,0,40000.0,13.0,/home/mangelo/Documents/GitHub/slab/benchmarks/_out/pq_slab_issue_benchmark_20260615_102908/feature_surface/artifacts/slab/keep_if_1.parquet
drop_if,slab,1,47,0.121,0,1,0,120000.0,13.0,/home/mangelo/Documents/GitHub/slab/benchmarks/_out/pq_slab_issue_benchmark_20260615_102908/feature_surface/artifacts/slab/drop_if_1.parquet
keep_in,slab,1,48,0.026,0,1,0,5000.0,13.0,/home/mangelo/Documents/GitHub/slab/benchmarks/_out/pq_slab_issue_benchmark_20260615_102908/feature_surface/artifacts/slab/keep_in_1.parquet
gen,slab,1,49,0.108,0,1,0,188905.0,14.0,/home/mangelo/Documents/GitHub/slab/benchmarks/_out/pq_slab_issue_benchmark_20260615_102908/feature_surface/artifacts/slab/gen_1.parquet
egen_by,slab,1,50,0.113,0,1,0,200000.0,14.0,/home/mangelo/Documents/GitHub/slab/benchmarks/_out/pq_slab_issue_benchmark_20260615_102908/feature_surface/artifacts/slab/egen_by_1.parquet
replace,slab,1,51,0.117,0,1,0,200000.0,13.0,/home/mangelo/Documents/GitHub/slab/benchmarks/_out/pq_slab_issue_benchmark_20260615_102908/feature_surface/artifacts/slab/replace_1.parquet
rename,slab,1,52,0.133,0,1,0,200000.0,13.0,/home/mangelo/Documents/GitHub/slab/benchmarks/_out/pq_slab_issue_benchmark_20260615_102908/feature_surface/artifacts/slab/rename_1.parquet
order,slab,1,53,0.157,0,1,0,200000.0,13.0,/home/mangelo/Documents/GitHub/slab/benchmarks/_out/pq_slab_issue_benchmark_20260615_102908/feature_surface/artifacts/slab/order_1.parquet
sort,slab,1,54,0.18,0,1,0,200000.0,13.0,/home/mangelo/Documents/GitHub/slab/benchmarks/_out/pq_slab_issue_benchmark_20260615_102908/feature_surface/artifacts/slab/sort_1.parquet
gsort,slab,1,55,0.172,0,1,0,200000.0,13.0,/home/mangelo/Documents/GitHub/slab/benchmarks/_out/pq_slab_issue_benchmark_20260615_102908/feature_surface/artifacts/slab/gsort_1.parquet
collapse,slab,1,56,0.102,0,1,0,192235.0,5.0,/home/mangelo/Documents/GitHub/slab/benchmarks/_out/pq_slab_issue_benchmark_20260615_102908/feature_surface/artifacts/slab/collapse_1.parquet
contract,slab,1,57,0.028,0,1,0,20.0,3.0,/home/mangelo/Documents/GitHub/slab/benchmarks/_out/pq_slab_issue_benchmark_20260615_102908/feature_surface/artifacts/slab/contract_1.parquet
duplicates_drop,slab,1,58,0.098,0,1,0,200000.0,3.0,/home/mangelo/Documents/GitHub/slab/benchmarks/_out/pq_slab_issue_benchmark_20260615_102908/feature_surface/artifacts/slab/duplicates_drop_1.parquet
duplicates_report,slab,1,59,0.02,0,1,0,,,/home/mangelo/Documents/GitHub/slab/benchmarks/_out/pq_slab_issue_benchmark_20260615_102908/feature_surface/artifacts/slab/duplicates_report_1.parquet
sample_count,slab,1,60,0.059,0,1,0,5000.0,13.0,/home/mangelo/Documents/GitHub/slab/benchmarks/_out/pq_slab_issue_benchmark_20260615_102908/feature_surface/artifacts/slab/sample_count_1.parquet
reshape_wide,slab,1,61,0.068,0,1,0,40000.0,6.0,/home/mangelo/Documents/GitHub/slab/benchmarks/_out/pq_slab_issue_benchmark_20260615_102908/feature_surface/artifacts/slab/reshape_wide_1.parquet
reshape_long,slab,1,62,0.088,0,1,0,200000.0,3.0,/home/mangelo/Documents/GitHub/slab/benchmarks/_out/pq_slab_issue_benchmark_20260615_102908/feature_surface/artifacts/slab/reshape_long_1.parquet
count,slab,1,63,0.003,0,1,0,200000.0,1.0,/home/mangelo/Documents/GitHub/slab/benchmarks/_out/pq_slab_issue_benchmark_20260615_102908/feature_surface/artifacts/slab/count_1.parquet
count_if,slab,1,64,0.005,0,1,0,40000.0,1.0,/home/mangelo/Documents/GitHub/slab/benchmarks/_out/pq_slab_issue_benchmark_20260615_102908/feature_surface/artifacts/slab/count_if_1.parquet
head,slab,1,65,0.029,0,1,0,,,/home/mangelo/Documents/GitHub/slab/benchmarks/_out/pq_slab_issue_benchmark_20260615_102908/feature_surface/artifacts/slab/head_1.parquet
list,slab,1,66,0.022,0,1,0,,,/home/mangelo/Documents/GitHub/slab/benchmarks/_out/pq_slab_issue_benchmark_20260615_102908/feature_surface/artifacts/slab/list_1.parquet
show,slab,1,67,0.01,0,1,0,,,/home/mangelo/Documents/GitHub/slab/benchmarks/_out/pq_slab_issue_benchmark_20260615_102908/feature_surface/artifacts/slab/show_1.parquet
explain,slab,1,68,0.015,0,1,0,,,/home/mangelo/Documents/GitHub/slab/benchmarks/_out/pq_slab_issue_benchmark_20260615_102908/feature_surface/artifacts/slab/explain_1.parquet
sql_clear,slab,1,69,0.021,0,1,0,40000.0,3.0,/home/mangelo/Documents/GitHub/slab/benchmarks/_out/pq_slab_issue_benchmark_20260615_102908/feature_surface/artifacts/slab/sql_clear_1.parquet
sql_save,slab,1,70,0.017,0,1,0,40000.0,3.0,/home/mangelo/Documents/GitHub/slab/benchmarks/_out/pq_slab_issue_benchmark_20260615_102908/feature_surface/artifacts/slab/sql_save_1.parquet
query_qualify,slab,1,71,0.027,0,1,0,40000.0,3.0,/home/mangelo/Documents/GitHub/slab/benchmarks/_out/pq_slab_issue_benchmark_20260615_102908/feature_surface/artifacts/slab/query_qualify_1.parquet
summarize,slab,1,72,0.019,0,1,0,,,/home/mangelo/Documents/GitHub/slab/benchmarks/_out/pq_slab_issue_benchmark_20260615_102908/feature_surface/artifacts/slab/summarize_1.parquet
summarize_detail,slab,1,73,0.092,0,1,0,,,/home/mangelo/Documents/GitHub/slab/benchmarks/_out/pq_slab_issue_benchmark_20260615_102908/feature_surface/artifacts/slab/summarize_detail_1.parquet
tabulate_oneway,slab,1,74,0.012,0,1,0,,,/home/mangelo/Documents/GitHub/slab/benchmarks/_out/pq_slab_issue_benchmark_20260615_102908/feature_surface/artifacts/slab/tabulate_oneway_1.parquet
tabulate_twoway,slab,1,75,0.027,0,1,0,,,/home/mangelo/Documents/GitHub/slab/benchmarks/_out/pq_slab_issue_benchmark_20260615_102908/feature_surface/artifacts/slab/tabulate_twoway_1.parquet
misstable,slab,1,76,0.017,0,1,0,,,/home/mangelo/Documents/GitHub/slab/benchmarks/_out/pq_slab_issue_benchmark_20260615_102908/feature_surface/artifacts/slab/misstable_1.parquet
misstable_patterns,slab,1,77,0.021,0,1,0,,,/home/mangelo/Documents/GitHub/slab/benchmarks/_out/pq_slab_issue_benchmark_20260615_102908/feature_surface/artifacts/slab/misstable_patterns_1.parquet
levelsof,slab,1,78,0.011,0,1,0,,,/home/mangelo/Documents/GitHub/slab/benchmarks/_out/pq_slab_issue_benchmark_20260615_102908/feature_surface/artifacts/slab/levelsof_1.parquet
ds,slab,1,79,0.006,0,1,0,,,/home/mangelo/Documents/GitHub/slab/benchmarks/_out/pq_slab_issue_benchmark_20260615_102908/feature_surface/artifacts/slab/ds_1.parquet
lookfor,slab,1,80,0.006,0,1,0,,,/home/mangelo/Documents/GitHub/slab/benchmarks/_out/pq_slab_issue_benchmark_20260615_102908/feature_surface/artifacts/slab/lookfor_1.parquet
codebook,slab,1,81,0.022,0,1,0,,,/home/mangelo/Documents/GitHub/slab/benchmarks/_out/pq_slab_issue_benchmark_20260615_102908/feature_surface/artifacts/slab/codebook_1.parquet
distinct,slab,1,82,0.012,0,1,0,,,/home/mangelo/Documents/GitHub/slab/benchmarks/_out/pq_slab_issue_benchmark_20260615_102908/feature_surface/artifacts/slab/distinct_1.parquet
tabstat,slab,1,83,0.028,0,1,0,,,/home/mangelo/Documents/GitHub/slab/benchmarks/_out/pq_slab_issue_benchmark_20260615_102908/feature_surface/artifacts/slab/tabstat_1.parquet
correlate,slab,1,84,0.027,0,1,0,,,/home/mangelo/Documents/GitHub/slab/benchmarks/_out/pq_slab_issue_benchmark_20260615_102908/feature_surface/artifacts/slab/correlate_1.parquet
pwcorr,slab,1,85,0.025,0,1,0,,,/home/mangelo/Documents/GitHub/slab/benchmarks/_out/pq_slab_issue_benchmark_20260615_102908/feature_surface/artifacts/slab/pwcorr_1.parquet
histogram_nodraw,slab,1,86,0.026,0,1,0,,,/home/mangelo/Documents/GitHub/slab/benchmarks/_out/pq_slab_issue_benchmark_20260615_102908/feature_surface/artifacts/slab/histogram_nodraw_1.parquet
joinby,slab,1,87,0.219,0,1,0,200000.0,16.0,/home/mangelo/Documents/GitHub/slab/benchmarks/_out/pq_slab_issue_benchmark_20260615_102908/feature_surface/artifacts/slab/joinby_1.parquet
mergein,slab,1,88,0.142,0,1,0,661553.0,14.0,/home/mangelo/Documents/GitHub/slab/benchmarks/_out/pq_slab_issue_benchmark_20260615_102908/feature_surface/artifacts/slab/mergein_1.parquet
appendin,slab,1,89,0.098,0,1,0,400000.0,13.0,/home/mangelo/Documents/GitHub/slab/benchmarks/_out/pq_slab_issue_benchmark_20260615_102908/feature_surface/artifacts/slab/appendin_1.parquet
glimpse,slab,1,90,0.009,0,1,0,200000.0,13.0,/home/mangelo/Documents/GitHub/slab/benchmarks/_out/pq_slab_issue_benchmark_20260615_102908/feature_surface/artifacts/slab/glimpse_1.parquet
path,pq,2,91,0.0,0,1,0,200000.0,13.0,/home/mangelo/Documents/GitHub/slab/benchmarks/_out/pq_slab_issue_benchmark_20260615_102908/feature_surface/data/workers.parquet
path,slab,2,92,0.001,0,1,0,200000.0,13.0,/home/mangelo/Documents/GitHub/slab/benchmarks/_out/pq_slab_issue_benchmark_20260615_102908/feature_surface/data/workers.parquet
describe,pq,2,93,0.026,0,1,0,200000.0,13.0,/home/mangelo/Documents/GitHub/slab/benchmarks/_out/pq_slab_issue_benchmark_20260615_102908/feature_surface/artifacts/pq/describe_2.parquet
describe,slab,2,94,0.023,0,1,0,200000.0,13.0,/home/mangelo/Documents/GitHub/slab/benchmarks/_out/pq_slab_issue_benchmark_20260615_102908/feature_surface/artifacts/slab/describe_2.parquet
describe_detailed,pq,2,95,0.019,0,1,0,200000.0,13.0,/home/mangelo/Documents/GitHub/slab/benchmarks/_out/pq_slab_issue_benchmark_20260615_102908/feature_surface/artifacts/pq/describe_detailed_2.parquet
describe_detailed,slab,2,96,0.017,0,1,0,200000.0,13.0,/home/mangelo/Documents/GitHub/slab/benchmarks/_out/pq_slab_issue_benchmark_20260615_102908/feature_surface/artifacts/slab/describe_detailed_2.parquet
use,pq,2,97,0.139,0,1,0,200000.0,13.0,/home/mangelo/Documents/GitHub/slab/benchmarks/_out/pq_slab_issue_benchmark_20260615_102908/feature_surface/artifacts/pq/use_2.parquet
use,slab,2,98,0.07,0,1,0,200000.0,13.0,/home/mangelo/Documents/GitHub/slab/benchmarks/_out/pq_slab_issue_benchmark_20260615_102908/feature_surface/artifacts/slab/use_2.parquet
use_varlist,pq,2,99,0.017,0,1,0,200000.0,3.0,/home/mangelo/Documents/GitHub/slab/benchmarks/_out/pq_slab_issue_benchmark_20260615_102908/feature_surface/artifacts/pq/use_varlist_2.parquet
use_varlist,slab,2,100,0.021,0,1,0,200000.0,3.0,/home/mangelo/Documents/GitHub/slab/benchmarks/_out/pq_slab_issue_benchmark_20260615_102908/feature_surface/artifacts/slab/use_varlist_2.parquet
use_filter,pq,2,101,0.032,0,1,0,40000.0,13.0,/home/mangelo/Documents/GitHub/slab/benchmarks/_out/pq_slab_issue_benchmark_20260615_102908/feature_surface/artifacts/pq/use_filter_2.parquet
use_filter,slab,2,102,0.059,0,1,0,40000.0,13.0,/home/mangelo/Documents/GitHub/slab/benchmarks/_out/pq_slab_issue_benchmark_20260615_102908/feature_surface/artifacts/slab/use_filter_2.parquet
use_range,pq,2,103,0.029,0,1,0,5000.0,13.0,/home/mangelo/Documents/GitHub/slab/benchmarks/_out/pq_slab_issue_benchmark_20260615_102908/feature_surface/artifacts/pq/use_range_2.parquet
use_range,slab,2,104,0.035,0,1,0,5000.0,13.0,/home/mangelo/Documents/GitHub/slab/benchmarks/_out/pq_slab_issue_benchmark_20260615_102908/feature_surface/artifacts/slab/use_range_2.parquet
use_sort,pq,2,105,0.171,0,1,0,200000.0,13.0,/home/mangelo/Documents/GitHub/slab/benchmarks/_out/pq_slab_issue_benchmark_20260615_102908/feature_surface/artifacts/pq/use_sort_2.parquet
use_sort,slab,2,106,0.108,0,1,0,200000.0,13.0,/home/mangelo/Documents/GitHub/slab/benchmarks/_out/pq_slab_issue_benchmark_20260615_102908/feature_surface/artifacts/slab/use_sort_2.parquet
use_random_n,pq,2,107,0.023,0,1,0,5000.0,13.0,/home/mangelo/Documents/GitHub/slab/benchmarks/_out/pq_slab_issue_benchmark_20260615_102908/feature_surface/artifacts/pq/use_random_n_2.parquet
use_random_n,slab,2,108,0.039,0,1,0,5000.0,13.0,/home/mangelo/Documents/GitHub/slab/benchmarks/_out/pq_slab_issue_benchmark_20260615_102908/feature_surface/artifacts/slab/use_random_n_2.parquet
use_drop,pq,2,109,0.073,0,1,0,200000.0,12.0,/home/mangelo/Documents/GitHub/slab/benchmarks/_out/pq_slab_issue_benchmark_20260615_102908/feature_surface/artifacts/pq/use_drop_2.parquet
use_drop,slab,2,110,0.1909999999999999,0,1,0,200000.0,12.0,/home/mangelo/Documents/GitHub/slab/benchmarks/_out/pq_slab_issue_benchmark_20260615_102908/feature_surface/artifacts/slab/use_drop_2.parquet
save,pq,2,111,0.177,0,1,0,200000.0,13.0,/home/mangelo/Documents/GitHub/slab/benchmarks/_out/pq_slab_issue_benchmark_20260615_102908/feature_surface/artifacts/pq/save_2.parquet
save,slab,2,112,0.294,0,1,0,200000.0,13.0,/home/mangelo/Documents/GitHub/slab/benchmarks/_out/pq_slab_issue_benchmark_20260615_102908/feature_surface/artifacts/slab/save_2.parquet
save_varlist,pq,2,113,0.068,0,1,0,200000.0,3.0,/home/mangelo/Documents/GitHub/slab/benchmarks/_out/pq_slab_issue_benchmark_20260615_102908/feature_surface/artifacts/pq/save_varlist_2.parquet
save_varlist,slab,2,114,0.07,0,1,0,200000.0,3.0,/home/mangelo/Documents/GitHub/slab/benchmarks/_out/pq_slab_issue_benchmark_20260615_102908/feature_surface/artifacts/slab/save_varlist_2.parquet
save_filter,pq,2,115,0.167,0,1,0,40000.0,13.0,/home/mangelo/Documents/GitHub/slab/benchmarks/_out/pq_slab_issue_benchmark_20260615_102908/feature_surface/artifacts/pq/save_filter_2.parquet
save_filter,slab,2,116,0.04,0,1,0,40000.0,13.0,/home/mangelo/Documents/GitHub/slab/benchmarks/_out/pq_slab_issue_benchmark_20260615_102908/feature_surface/artifacts/slab/save_filter_2.parquet
save_partition_by,pq,2,117,0.308,0,1,0,200000.0,13.0,/home/mangelo/Documents/GitHub/slab/benchmarks/_out/pq_slab_issue_benchmark_20260615_102908/feature_surface/artifacts/pq/save_partition_by_2
save_partition_by,slab,2,118,0.261,0,1,0,200000.0,13.0,/home/mangelo/Documents/GitHub/slab/benchmarks/_out/pq_slab_issue_benchmark_20260615_102908/feature_surface/artifacts/slab/save_partition_by_2
save_chunk,pq,2,119,0.939,0,1,0,200000.0,13.0,/home/mangelo/Documents/GitHub/slab/benchmarks/_out/pq_slab_issue_benchmark_20260615_102908/feature_surface/artifacts/pq/save_chunk_2.parquet
save_chunk,slab,2,120,0.228,0,1,0,200000.0,13.0,/home/mangelo/Documents/GitHub/slab/benchmarks/_out/pq_slab_issue_benchmark_20260615_102908/feature_surface/artifacts/slab/save_chunk_2.parquet
save_compression_zstd,pq,2,121,0.205,0,1,0,200000.0,13.0,/home/mangelo/Documents/GitHub/slab/benchmarks/_out/pq_slab_issue_benchmark_20260615_102908/feature_surface/artifacts/pq/save_compression_zstd_2.parquet
save_compression_zstd,slab,2,122,0.22,0,1,0,200000.0,13.0,/home/mangelo/Documents/GitHub/slab/benchmarks/_out/pq_slab_issue_benchmark_20260615_102908/feature_surface/artifacts/slab/save_compression_zstd_2.parquet
append,pq,2,123,0.1,0,1,0,100000.0,3.0,/home/mangelo/Documents/GitHub/slab/benchmarks/_out/pq_slab_issue_benchmark_20260615_102908/feature_surface/artifacts/pq/append_2.parquet
append,slab,2,124,0.043,0,1,0,100000.0,3.0,/home/mangelo/Documents/GitHub/slab/benchmarks/_out/pq_slab_issue_benchmark_20260615_102908/feature_surface/artifacts/slab/append_2.parquet
append_filter,pq,2,125,0.056,0,1,0,59947.0,3.0,/home/mangelo/Documents/GitHub/slab/benchmarks/_out/pq_slab_issue_benchmark_20260615_102908/feature_surface/artifacts/pq/append_filter_2.parquet
append_filter,slab,2,126,0.016,0,1,0,19894.0,3.0,/home/mangelo/Documents/GitHub/slab/benchmarks/_out/pq_slab_issue_benchmark_20260615_102908/feature_surface/artifacts/slab/append_filter_2.parquet
merge,pq,2,127,0.5700000000000001,0,1,0,200000.0,16.0,/home/mangelo/Documents/GitHub/slab/benchmarks/_out/pq_slab_issue_benchmark_20260615_102908/feature_surface/artifacts/pq/merge_2.parquet
merge,slab,2,128,0.264,0,1,0,200000.0,16.0,/home/mangelo/Documents/GitHub/slab/benchmarks/_out/pq_slab_issue_benchmark_20260615_102908/feature_surface/artifacts/slab/merge_2.parquet
merge_keepusing,pq,2,129,0.452,0,1,0,200000.0,14.0,/home/mangelo/Documents/GitHub/slab/benchmarks/_out/pq_slab_issue_benchmark_20260615_102908/feature_surface/artifacts/pq/merge_keepusing_2.parquet
merge_keepusing,slab,2,130,0.187,0,1,0,200000.0,14.0,/home/mangelo/Documents/GitHub/slab/benchmarks/_out/pq_slab_issue_benchmark_20260615_102908/feature_surface/artifacts/slab/merge_keepusing_2.parquet
use_lazy,slab,2,131,0.003,0,1,0,,,/home/mangelo/Documents/GitHub/slab/benchmarks/_out/pq_slab_issue_benchmark_20260615_102908/feature_surface/artifacts/slab/use_lazy_2.parquet
collect,slab,2,132,0.077,0,1,0,200000.0,13.0,/home/mangelo/Documents/GitHub/slab/benchmarks/_out/pq_slab_issue_benchmark_20260615_102908/feature_surface/artifacts/slab/collect_2.parquet
open_data,slab,2,133,0.012,0,1,0,,,/home/mangelo/Documents/GitHub/slab/benchmarks/_out/pq_slab_issue_benchmark_20260615_102908/feature_surface/artifacts/slab/open_data_2.parquet
keep_vars,slab,2,134,0.044,0,1,0,200000.0,3.0,/home/mangelo/Documents/GitHub/slab/benchmarks/_out/pq_slab_issue_benchmark_20260615_102908/feature_surface/artifacts/slab/keep_vars_2.parquet
drop_vars,slab,2,135,0.097,0,1,0,200000.0,12.0,/home/mangelo/Documents/GitHub/slab/benchmarks/_out/pq_slab_issue_benchmark_20260615_102908/feature_surface/artifacts/slab/drop_vars_2.parquet
keep_if,slab,2,136,0.068,0,1,0,40000.0,13.0,/home/mangelo/Documents/GitHub/slab/benchmarks/_out/pq_slab_issue_benchmark_20260615_102908/feature_surface/artifacts/slab/keep_if_2.parquet
drop_if,slab,2,137,0.091,0,1,0,120000.0,13.0,/home/mangelo/Documents/GitHub/slab/benchmarks/_out/pq_slab_issue_benchmark_20260615_102908/feature_surface/artifacts/slab/drop_if_2.parquet
keep_in,slab,2,138,0.039,0,1,0,5000.0,13.0,/home/mangelo/Documents/GitHub/slab/benchmarks/_out/pq_slab_issue_benchmark_20260615_102908/feature_surface/artifacts/slab/keep_in_2.parquet
gen,slab,2,139,0.16,0,1,0,188905.0,14.0,/home/mangelo/Documents/GitHub/slab/benchmarks/_out/pq_slab_issue_benchmark_20260615_102908/feature_surface/artifacts/slab/gen_2.parquet
egen_by,slab,2,140,0.104,0,1,0,200000.0,14.0,/home/mangelo/Documents/GitHub/slab/benchmarks/_out/pq_slab_issue_benchmark_20260615_102908/feature_surface/artifacts/slab/egen_by_2.parquet
replace,slab,2,141,0.143,0,1,0,200000.0,13.0,/home/mangelo/Documents/GitHub/slab/benchmarks/_out/pq_slab_issue_benchmark_20260615_102908/feature_surface/artifacts/slab/replace_2.parquet
rename,slab,2,142,0.139,0,1,0,200000.0,13.0,/home/mangelo/Documents/GitHub/slab/benchmarks/_out/pq_slab_issue_benchmark_20260615_102908/feature_surface/artifacts/slab/rename_2.parquet
order,slab,2,143,0.162,0,1,0,200000.0,13.0,/home/mangelo/Documents/GitHub/slab/benchmarks/_out/pq_slab_issue_benchmark_20260615_102908/feature_surface/artifacts/slab/order_2.parquet
sort,slab,2,144,0.164,0,1,0,200000.0,13.0,/home/mangelo/Documents/GitHub/slab/benchmarks/_out/pq_slab_issue_benchmark_20260615_102908/feature_surface/artifacts/slab/sort_2.parquet
gsort,slab,2,145,0.177,0,1,0,200000.0,13.0,/home/mangelo/Documents/GitHub/slab/benchmarks/_out/pq_slab_issue_benchmark_20260615_102908/feature_surface/artifacts/slab/gsort_2.parquet
collapse,slab,2,146,0.093,0,1,0,192235.0,5.0,/home/mangelo/Documents/GitHub/slab/benchmarks/_out/pq_slab_issue_benchmark_20260615_102908/feature_surface/artifacts/slab/collapse_2.parquet
contract,slab,2,147,0.029,0,1,0,20.0,3.0,/home/mangelo/Documents/GitHub/slab/benchmarks/_out/pq_slab_issue_benchmark_20260615_102908/feature_surface/artifacts/slab/contract_2.parquet
duplicates_drop,slab,2,148,0.082,0,1,0,200000.0,3.0,/home/mangelo/Documents/GitHub/slab/benchmarks/_out/pq_slab_issue_benchmark_20260615_102908/feature_surface/artifacts/slab/duplicates_drop_2.parquet
duplicates_report,slab,2,149,0.025,0,1,0,,,/home/mangelo/Documents/GitHub/slab/benchmarks/_out/pq_slab_issue_benchmark_20260615_102908/feature_surface/artifacts/slab/duplicates_report_2.parquet
sample_count,slab,2,150,0.042,0,1,0,5000.0,13.0,/home/mangelo/Documents/GitHub/slab/benchmarks/_out/pq_slab_issue_benchmark_20260615_102908/feature_surface/artifacts/slab/sample_count_2.parquet
reshape_wide,slab,2,151,0.076,0,1,0,40000.0,6.0,/home/mangelo/Documents/GitHub/slab/benchmarks/_out/pq_slab_issue_benchmark_20260615_102908/feature_surface/artifacts/slab/reshape_wide_2.parquet
reshape_long,slab,2,152,0.085,0,1,0,200000.0,3.0,/home/mangelo/Documents/GitHub/slab/benchmarks/_out/pq_slab_issue_benchmark_20260615_102908/feature_surface/artifacts/slab/reshape_long_2.parquet
count,slab,2,153,0.008,0,1,0,200000.0,1.0,/home/mangelo/Documents/GitHub/slab/benchmarks/_out/pq_slab_issue_benchmark_20260615_102908/feature_surface/artifacts/slab/count_2.parquet
count_if,slab,2,154,0.005,0,1,0,40000.0,1.0,/home/mangelo/Documents/GitHub/slab/benchmarks/_out/pq_slab_issue_benchmark_20260615_102908/feature_surface/artifacts/slab/count_if_2.parquet
head,slab,2,155,0.023,0,1,0,,,/home/mangelo/Documents/GitHub/slab/benchmarks/_out/pq_slab_issue_benchmark_20260615_102908/feature_surface/artifacts/slab/head_2.parquet
list,slab,2,156,0.022,0,1,0,,,/home/mangelo/Documents/GitHub/slab/benchmarks/_out/pq_slab_issue_benchmark_20260615_102908/feature_surface/artifacts/slab/list_2.parquet
show,slab,2,157,0.01,0,1,0,,,/home/mangelo/Documents/GitHub/slab/benchmarks/_out/pq_slab_issue_benchmark_20260615_102908/feature_surface/artifacts/slab/show_2.parquet
explain,slab,2,158,0.015,0,1,0,,,/home/mangelo/Documents/GitHub/slab/benchmarks/_out/pq_slab_issue_benchmark_20260615_102908/feature_surface/artifacts/slab/explain_2.parquet
sql_clear,slab,2,159,0.024,0,1,0,40000.0,3.0,/home/mangelo/Documents/GitHub/slab/benchmarks/_out/pq_slab_issue_benchmark_20260615_102908/feature_surface/artifacts/slab/sql_clear_2.parquet
sql_save,slab,2,160,0.018,0,1,0,40000.0,3.0,/home/mangelo/Documents/GitHub/slab/benchmarks/_out/pq_slab_issue_benchmark_20260615_102908/feature_surface/artifacts/slab/sql_save_2.parquet
query_qualify,slab,2,161,0.027,0,1,0,40000.0,3.0,/home/mangelo/Documents/GitHub/slab/benchmarks/_out/pq_slab_issue_benchmark_20260615_102908/feature_surface/artifacts/slab/query_qualify_2.parquet
summarize,slab,2,162,0.015,0,1,0,,,/home/mangelo/Documents/GitHub/slab/benchmarks/_out/pq_slab_issue_benchmark_20260615_102908/feature_surface/artifacts/slab/summarize_2.parquet
summarize_detail,slab,2,163,0.072,0,1,0,,,/home/mangelo/Documents/GitHub/slab/benchmarks/_out/pq_slab_issue_benchmark_20260615_102908/feature_surface/artifacts/slab/summarize_detail_2.parquet
tabulate_oneway,slab,2,164,0.01,0,1,0,,,/home/mangelo/Documents/GitHub/slab/benchmarks/_out/pq_slab_issue_benchmark_20260615_102908/feature_surface/artifacts/slab/tabulate_oneway_2.parquet
tabulate_twoway,slab,2,165,0.019,0,1,0,,,/home/mangelo/Documents/GitHub/slab/benchmarks/_out/pq_slab_issue_benchmark_20260615_102908/feature_surface/artifacts/slab/tabulate_twoway_2.parquet
misstable,slab,2,166,0.007,0,1,0,,,/home/mangelo/Documents/GitHub/slab/benchmarks/_out/pq_slab_issue_benchmark_20260615_102908/feature_surface/artifacts/slab/misstable_2.parquet
misstable_patterns,slab,2,167,0.024,0,1,0,,,/home/mangelo/Documents/GitHub/slab/benchmarks/_out/pq_slab_issue_benchmark_20260615_102908/feature_surface/artifacts/slab/misstable_patterns_2.parquet
levelsof,slab,2,168,0.008,0,1,0,,,/home/mangelo/Documents/GitHub/slab/benchmarks/_out/pq_slab_issue_benchmark_20260615_102908/feature_surface/artifacts/slab/levelsof_2.parquet
ds,slab,2,169,0.004,0,1,0,,,/home/mangelo/Documents/GitHub/slab/benchmarks/_out/pq_slab_issue_benchmark_20260615_102908/feature_surface/artifacts/slab/ds_2.parquet
lookfor,slab,2,170,0.003,0,1,0,,,/home/mangelo/Documents/GitHub/slab/benchmarks/_out/pq_slab_issue_benchmark_20260615_102908/feature_surface/artifacts/slab/lookfor_2.parquet
codebook,slab,2,171,0.023,0,1,0,,,/home/mangelo/Documents/GitHub/slab/benchmarks/_out/pq_slab_issue_benchmark_20260615_102908/feature_surface/artifacts/slab/codebook_2.parquet
distinct,slab,2,172,0.014,0,1,0,,,/home/mangelo/Documents/GitHub/slab/benchmarks/_out/pq_slab_issue_benchmark_20260615_102908/feature_surface/artifacts/slab/distinct_2.parquet
tabstat,slab,2,173,0.02,0,1,0,,,/home/mangelo/Documents/GitHub/slab/benchmarks/_out/pq_slab_issue_benchmark_20260615_102908/feature_surface/artifacts/slab/tabstat_2.parquet
correlate,slab,2,174,0.03,0,1,0,,,/home/mangelo/Documents/GitHub/slab/benchmarks/_out/pq_slab_issue_benchmark_20260615_102908/feature_surface/artifacts/slab/correlate_2.parquet
pwcorr,slab,2,175,0.027,0,1,0,,,/home/mangelo/Documents/GitHub/slab/benchmarks/_out/pq_slab_issue_benchmark_20260615_102908/feature_surface/artifacts/slab/pwcorr_2.parquet
histogram_nodraw,slab,2,176,0.027,0,1,0,,,/home/mangelo/Documents/GitHub/slab/benchmarks/_out/pq_slab_issue_benchmark_20260615_102908/feature_surface/artifacts/slab/histogram_nodraw_2.parquet
joinby,slab,2,177,0.243,0,1,0,200000.0,16.0,/home/mangelo/Documents/GitHub/slab/benchmarks/_out/pq_slab_issue_benchmark_20260615_102908/feature_surface/artifacts/slab/joinby_2.parquet
mergein,slab,2,178,0.204,0,1,0,661553.0,14.0,/home/mangelo/Documents/GitHub/slab/benchmarks/_out/pq_slab_issue_benchmark_20260615_102908/feature_surface/artifacts/slab/mergein_2.parquet
appendin,slab,2,179,0.166,0,1,0,400000.0,13.0,/home/mangelo/Documents/GitHub/slab/benchmarks/_out/pq_slab_issue_benchmark_20260615_102908/feature_surface/artifacts/slab/appendin_2.parquet
glimpse,slab,2,180,0.013,0,1,0,200000.0,13.0,/home/mangelo/Documents/GitHub/slab/benchmarks/_out/pq_slab_issue_benchmark_20260615_102908/feature_surface/artifacts/slab/glimpse_2.parquet
path,pq,3,181,0.0,0,1,0,200000.0,13.0,/home/mangelo/Documents/GitHub/slab/benchmarks/_out/pq_slab_issue_benchmark_20260615_102908/feature_surface/data/workers.parquet
path,slab,3,182,0.001,0,1,0,200000.0,13.0,/home/mangelo/Documents/GitHub/slab/benchmarks/_out/pq_slab_issue_benchmark_20260615_102908/feature_surface/data/workers.parquet
describe,pq,3,183,0.023,0,1,0,200000.0,13.0,/home/mangelo/Documents/GitHub/slab/benchmarks/_out/pq_slab_issue_benchmark_20260615_102908/feature_surface/artifacts/pq/describe_3.parquet
describe,slab,3,184,0.021,0,1,0,200000.0,13.0,/home/mangelo/Documents/GitHub/slab/benchmarks/_out/pq_slab_issue_benchmark_20260615_102908/feature_surface/artifacts/slab/describe_3.parquet
describe_detailed,pq,3,185,0.025,0,1,0,200000.0,13.0,/home/mangelo/Documents/GitHub/slab/benchmarks/_out/pq_slab_issue_benchmark_20260615_102908/feature_surface/artifacts/pq/describe_detailed_3.parquet
describe_detailed,slab,3,186,0.023,0,1,0,200000.0,13.0,/home/mangelo/Documents/GitHub/slab/benchmarks/_out/pq_slab_issue_benchmark_20260615_102908/feature_surface/artifacts/slab/describe_detailed_3.parquet
use,pq,3,187,0.161,0,1,0,200000.0,13.0,/home/mangelo/Documents/GitHub/slab/benchmarks/_out/pq_slab_issue_benchmark_20260615_102908/feature_surface/artifacts/pq/use_3.parquet
use,slab,3,188,0.082,0,1,0,200000.0,13.0,/home/mangelo/Documents/GitHub/slab/benchmarks/_out/pq_slab_issue_benchmark_20260615_102908/feature_surface/artifacts/slab/use_3.parquet
use_varlist,pq,3,189,0.018,0,1,0,200000.0,3.0,/home/mangelo/Documents/GitHub/slab/benchmarks/_out/pq_slab_issue_benchmark_20260615_102908/feature_surface/artifacts/pq/use_varlist_3.parquet
use_varlist,slab,3,190,0.03,0,1,0,200000.0,3.0,/home/mangelo/Documents/GitHub/slab/benchmarks/_out/pq_slab_issue_benchmark_20260615_102908/feature_surface/artifacts/slab/use_varlist_3.parquet
use_filter,pq,3,191,0.038,0,1,0,40000.0,13.0,/home/mangelo/Documents/GitHub/slab/benchmarks/_out/pq_slab_issue_benchmark_20260615_102908/feature_surface/artifacts/pq/use_filter_3.parquet
use_filter,slab,3,192,0.1,0,1,0,40000.0,13.0,/home/mangelo/Documents/GitHub/slab/benchmarks/_out/pq_slab_issue_benchmark_20260615_102908/feature_surface/artifacts/slab/use_filter_3.parquet
use_range,pq,3,193,0.026,0,1,0,5000.0,13.0,/home/mangelo/Documents/GitHub/slab/benchmarks/_out/pq_slab_issue_benchmark_20260615_102908/feature_surface/artifacts/pq/use_range_3.parquet
use_range,slab,3,194,0.034,0,1,0,5000.0,13.0,/home/mangelo/Documents/GitHub/slab/benchmarks/_out/pq_slab_issue_benchmark_20260615_102908/feature_surface/artifacts/slab/use_range_3.parquet
use_sort,pq,3,195,0.175,0,1,0,200000.0,13.0,/home/mangelo/Documents/GitHub/slab/benchmarks/_out/pq_slab_issue_benchmark_20260615_102908/feature_surface/artifacts/pq/use_sort_3.parquet
use_sort,slab,3,196,0.194,0,1,0,200000.0,13.0,/home/mangelo/Documents/GitHub/slab/benchmarks/_out/pq_slab_issue_benchmark_20260615_102908/feature_surface/artifacts/slab/use_sort_3.parquet
use_random_n,pq,3,197,0.046,0,1,0,5000.0,13.0,/home/mangelo/Documents/GitHub/slab/benchmarks/_out/pq_slab_issue_benchmark_20260615_102908/feature_surface/artifacts/pq/use_random_n_3.parquet
use_random_n,slab,3,198,0.049,0,1,0,5000.0,13.0,/home/mangelo/Documents/GitHub/slab/benchmarks/_out/pq_slab_issue_benchmark_20260615_102908/feature_surface/artifacts/slab/use_random_n_3.parquet
use_drop,pq,3,199,0.076,0,1,0,200000.0,12.0,/home/mangelo/Documents/GitHub/slab/benchmarks/_out/pq_slab_issue_benchmark_20260615_102908/feature_surface/artifacts/pq/use_drop_3.parquet
use_drop,slab,3,200,0.149,0,1,0,200000.0,12.0,/home/mangelo/Documents/GitHub/slab/benchmarks/_out/pq_slab_issue_benchmark_20260615_102908/feature_surface/artifacts/slab/use_drop_3.parquet
save,pq,3,201,0.171,0,1,0,200000.0,13.0,/home/mangelo/Documents/GitHub/slab/benchmarks/_out/pq_slab_issue_benchmark_20260615_102908/feature_surface/artifacts/pq/save_3.parquet
save,slab,3,202,0.308,0,1,0,200000.0,13.0,/home/mangelo/Documents/GitHub/slab/benchmarks/_out/pq_slab_issue_benchmark_20260615_102908/feature_surface/artifacts/slab/save_3.parquet
save_varlist,pq,3,203,0.05,0,1,0,200000.0,3.0,/home/mangelo/Documents/GitHub/slab/benchmarks/_out/pq_slab_issue_benchmark_20260615_102908/feature_surface/artifacts/pq/save_varlist_3.parquet
save_varlist,slab,3,204,0.078,0,1,0,200000.0,3.0,/home/mangelo/Documents/GitHub/slab/benchmarks/_out/pq_slab_issue_benchmark_20260615_102908/feature_surface/artifacts/slab/save_varlist_3.parquet
save_filter,pq,3,205,0.185,0,1,0,40000.0,13.0,/home/mangelo/Documents/GitHub/slab/benchmarks/_out/pq_slab_issue_benchmark_20260615_102908/feature_surface/artifacts/pq/save_filter_3.parquet
save_filter,slab,3,206,0.038,0,1,0,40000.0,13.0,/home/mangelo/Documents/GitHub/slab/benchmarks/_out/pq_slab_issue_benchmark_20260615_102908/feature_surface/artifacts/slab/save_filter_3.parquet
save_partition_by,pq,3,207,0.226,0,1,0,200000.0,13.0,/home/mangelo/Documents/GitHub/slab/benchmarks/_out/pq_slab_issue_benchmark_20260615_102908/feature_surface/artifacts/pq/save_partition_by_3
save_partition_by,slab,3,208,0.26,0,1,0,200000.0,13.0,/home/mangelo/Documents/GitHub/slab/benchmarks/_out/pq_slab_issue_benchmark_20260615_102908/feature_surface/artifacts/slab/save_partition_by_3
save_chunk,pq,3,209,0.957,0,1,0,200000.0,13.0,/home/mangelo/Documents/GitHub/slab/benchmarks/_out/pq_slab_issue_benchmark_20260615_102908/feature_surface/artifacts/pq/save_chunk_3.parquet
save_chunk,slab,3,210,0.224,0,1,0,200000.0,13.0,/home/mangelo/Documents/GitHub/slab/benchmarks/_out/pq_slab_issue_benchmark_20260615_102908/feature_surface/artifacts/slab/save_chunk_3.parquet
save_compression_zstd,pq,3,211,0.168,0,1,0,200000.0,13.0,/home/mangelo/Documents/GitHub/slab/benchmarks/_out/pq_slab_issue_benchmark_20260615_102908/feature_surface/artifacts/pq/save_compression_zstd_3.parquet
save_compression_zstd,slab,3,212,0.284,0,1,0,200000.0,13.0,/home/mangelo/Documents/GitHub/slab/benchmarks/_out/pq_slab_issue_benchmark_20260615_102908/feature_surface/artifacts/slab/save_compression_zstd_3.parquet
append,pq,3,213,0.131,0,1,0,100000.0,3.0,/home/mangelo/Documents/GitHub/slab/benchmarks/_out/pq_slab_issue_benchmark_20260615_102908/feature_surface/artifacts/pq/append_3.parquet
append,slab,3,214,0.054,0,1,0,100000.0,3.0,/home/mangelo/Documents/GitHub/slab/benchmarks/_out/pq_slab_issue_benchmark_20260615_102908/feature_surface/artifacts/slab/append_3.parquet
append_filter,pq,3,215,0.08,0,1,0,59947.0,3.0,/home/mangelo/Documents/GitHub/slab/benchmarks/_out/pq_slab_issue_benchmark_20260615_102908/feature_surface/artifacts/pq/append_filter_3.parquet
append_filter,slab,3,216,0.045,0,1,0,19894.0,3.0,/home/mangelo/Documents/GitHub/slab/benchmarks/_out/pq_slab_issue_benchmark_20260615_102908/feature_surface/artifacts/slab/append_filter_3.parquet
merge,pq,3,217,0.5780000000000001,0,1,0,200000.0,16.0,/home/mangelo/Documents/GitHub/slab/benchmarks/_out/pq_slab_issue_benchmark_20260615_102908/feature_surface/artifacts/pq/merge_3.parquet
merge,slab,3,218,0.286,0,1,0,200000.0,16.0,/home/mangelo/Documents/GitHub/slab/benchmarks/_out/pq_slab_issue_benchmark_20260615_102908/feature_surface/artifacts/slab/merge_3.parquet
merge_keepusing,pq,3,219,0.421,0,1,0,200000.0,14.0,/home/mangelo/Documents/GitHub/slab/benchmarks/_out/pq_slab_issue_benchmark_20260615_102908/feature_surface/artifacts/pq/merge_keepusing_3.parquet
merge_keepusing,slab,3,220,0.252,0,1,0,200000.0,14.0,/home/mangelo/Documents/GitHub/slab/benchmarks/_out/pq_slab_issue_benchmark_20260615_102908/feature_surface/artifacts/slab/merge_keepusing_3.parquet
use_lazy,slab,3,221,0.004,0,1,0,,,/home/mangelo/Documents/GitHub/slab/benchmarks/_out/pq_slab_issue_benchmark_20260615_102908/feature_surface/artifacts/slab/use_lazy_3.parquet
collect,slab,3,222,0.097,0,1,0,200000.0,13.0,/home/mangelo/Documents/GitHub/slab/benchmarks/_out/pq_slab_issue_benchmark_20260615_102908/feature_surface/artifacts/slab/collect_3.parquet
open_data,slab,3,223,0.022,0,1,0,,,/home/mangelo/Documents/GitHub/slab/benchmarks/_out/pq_slab_issue_benchmark_20260615_102908/feature_surface/artifacts/slab/open_data_3.parquet
keep_vars,slab,3,224,0.028,0,1,0,200000.0,3.0,/home/mangelo/Documents/GitHub/slab/benchmarks/_out/pq_slab_issue_benchmark_20260615_102908/feature_surface/artifacts/slab/keep_vars_3.parquet
drop_vars,slab,3,225,0.089,0,1,0,200000.0,12.0,/home/mangelo/Documents/GitHub/slab/benchmarks/_out/pq_slab_issue_benchmark_20260615_102908/feature_surface/artifacts/slab/drop_vars_3.parquet
keep_if,slab,3,226,0.033,0,1,0,40000.0,13.0,/home/mangelo/Documents/GitHub/slab/benchmarks/_out/pq_slab_issue_benchmark_20260615_102908/feature_surface/artifacts/slab/keep_if_3.parquet
drop_if,slab,3,227,0.071,0,1,0,120000.0,13.0,/home/mangelo/Documents/GitHub/slab/benchmarks/_out/pq_slab_issue_benchmark_20260615_102908/feature_surface/artifacts/slab/drop_if_3.parquet
keep_in,slab,3,228,0.037,0,1,0,5000.0,13.0,/home/mangelo/Documents/GitHub/slab/benchmarks/_out/pq_slab_issue_benchmark_20260615_102908/feature_surface/artifacts/slab/keep_in_3.parquet
gen,slab,3,229,0.164,0,1,0,188905.0,14.0,/home/mangelo/Documents/GitHub/slab/benchmarks/_out/pq_slab_issue_benchmark_20260615_102908/feature_surface/artifacts/slab/gen_3.parquet
egen_by,slab,3,230,0.11,0,1,0,200000.0,14.0,/home/mangelo/Documents/GitHub/slab/benchmarks/_out/pq_slab_issue_benchmark_20260615_102908/feature_surface/artifacts/slab/egen_by_3.parquet
replace,slab,3,231,0.167,0,1,0,200000.0,13.0,/home/mangelo/Documents/GitHub/slab/benchmarks/_out/pq_slab_issue_benchmark_20260615_102908/feature_surface/artifacts/slab/replace_3.parquet
rename,slab,3,232,0.165,0,1,0,200000.0,13.0,/home/mangelo/Documents/GitHub/slab/benchmarks/_out/pq_slab_issue_benchmark_20260615_102908/feature_surface/artifacts/slab/rename_3.parquet
order,slab,3,233,0.164,0,1,0,200000.0,13.0,/home/mangelo/Documents/GitHub/slab/benchmarks/_out/pq_slab_issue_benchmark_20260615_102908/feature_surface/artifacts/slab/order_3.parquet
sort,slab,3,234,0.163,0,1,0,200000.0,13.0,/home/mangelo/Documents/GitHub/slab/benchmarks/_out/pq_slab_issue_benchmark_20260615_102908/feature_surface/artifacts/slab/sort_3.parquet
gsort,slab,3,235,0.129,0,1,0,200000.0,13.0,/home/mangelo/Documents/GitHub/slab/benchmarks/_out/pq_slab_issue_benchmark_20260615_102908/feature_surface/artifacts/slab/gsort_3.parquet
collapse,slab,3,236,0.102,0,1,0,192235.0,5.0,/home/mangelo/Documents/GitHub/slab/benchmarks/_out/pq_slab_issue_benchmark_20260615_102908/feature_surface/artifacts/slab/collapse_3.parquet
contract,slab,3,237,0.029,0,1,0,20.0,3.0,/home/mangelo/Documents/GitHub/slab/benchmarks/_out/pq_slab_issue_benchmark_20260615_102908/feature_surface/artifacts/slab/contract_3.parquet
duplicates_drop,slab,3,238,0.08,0,1,0,200000.0,3.0,/home/mangelo/Documents/GitHub/slab/benchmarks/_out/pq_slab_issue_benchmark_20260615_102908/feature_surface/artifacts/slab/duplicates_drop_3.parquet
duplicates_report,slab,3,239,0.023,0,1,0,,,/home/mangelo/Documents/GitHub/slab/benchmarks/_out/pq_slab_issue_benchmark_20260615_102908/feature_surface/artifacts/slab/duplicates_report_3.parquet
sample_count,slab,3,240,0.079,0,1,0,5000.0,13.0,/home/mangelo/Documents/GitHub/slab/benchmarks/_out/pq_slab_issue_benchmark_20260615_102908/feature_surface/artifacts/slab/sample_count_3.parquet
reshape_wide,slab,3,241,0.091,0,1,0,40000.0,6.0,/home/mangelo/Documents/GitHub/slab/benchmarks/_out/pq_slab_issue_benchmark_20260615_102908/feature_surface/artifacts/slab/reshape_wide_3.parquet
reshape_long,slab,3,242,0.076,0,1,0,200000.0,3.0,/home/mangelo/Documents/GitHub/slab/benchmarks/_out/pq_slab_issue_benchmark_20260615_102908/feature_surface/artifacts/slab/reshape_long_3.parquet
count,slab,3,243,0.011,0,1,0,200000.0,1.0,/home/mangelo/Documents/GitHub/slab/benchmarks/_out/pq_slab_issue_benchmark_20260615_102908/feature_surface/artifacts/slab/count_3.parquet
count_if,slab,3,244,0.011,0,1,0,40000.0,1.0,/home/mangelo/Documents/GitHub/slab/benchmarks/_out/pq_slab_issue_benchmark_20260615_102908/feature_surface/artifacts/slab/count_if_3.parquet
head,slab,3,245,0.033,0,1,0,,,/home/mangelo/Documents/GitHub/slab/benchmarks/_out/pq_slab_issue_benchmark_20260615_102908/feature_surface/artifacts/slab/head_3.parquet
list,slab,3,246,0.022,0,1,0,,,/home/mangelo/Documents/GitHub/slab/benchmarks/_out/pq_slab_issue_benchmark_20260615_102908/feature_surface/artifacts/slab/list_3.parquet
show,slab,3,247,0.009,0,1,0,,,/home/mangelo/Documents/GitHub/slab/benchmarks/_out/pq_slab_issue_benchmark_20260615_102908/feature_surface/artifacts/slab/show_3.parquet
explain,slab,3,248,0.014,0,1,0,,,/home/mangelo/Documents/GitHub/slab/benchmarks/_out/pq_slab_issue_benchmark_20260615_102908/feature_surface/artifacts/slab/explain_3.parquet
sql_clear,slab,3,249,0.021,0,1,0,40000.0,3.0,/home/mangelo/Documents/GitHub/slab/benchmarks/_out/pq_slab_issue_benchmark_20260615_102908/feature_surface/artifacts/slab/sql_clear_3.parquet
sql_save,slab,3,250,0.02,0,1,0,40000.0,3.0,/home/mangelo/Documents/GitHub/slab/benchmarks/_out/pq_slab_issue_benchmark_20260615_102908/feature_surface/artifacts/slab/sql_save_3.parquet
query_qualify,slab,3,251,0.027,0,1,0,40000.0,3.0,/home/mangelo/Documents/GitHub/slab/benchmarks/_out/pq_slab_issue_benchmark_20260615_102908/feature_surface/artifacts/slab/query_qualify_3.parquet
summarize,slab,3,252,0.019,0,1,0,,,/home/mangelo/Documents/GitHub/slab/benchmarks/_out/pq_slab_issue_benchmark_20260615_102908/feature_surface/artifacts/slab/summarize_3.parquet
summarize_detail,slab,3,253,0.132,0,1,0,,,/home/mangelo/Documents/GitHub/slab/benchmarks/_out/pq_slab_issue_benchmark_20260615_102908/feature_surface/artifacts/slab/summarize_detail_3.parquet
tabulate_oneway,slab,3,254,0.01,0,1,0,,,/home/mangelo/Documents/GitHub/slab/benchmarks/_out/pq_slab_issue_benchmark_20260615_102908/feature_surface/artifacts/slab/tabulate_oneway_3.parquet
tabulate_twoway,slab,3,255,0.029,0,1,0,,,/home/mangelo/Documents/GitHub/slab/benchmarks/_out/pq_slab_issue_benchmark_20260615_102908/feature_surface/artifacts/slab/tabulate_twoway_3.parquet
misstable,slab,3,256,0.017,0,1,0,,,/home/mangelo/Documents/GitHub/slab/benchmarks/_out/pq_slab_issue_benchmark_20260615_102908/feature_surface/artifacts/slab/misstable_3.parquet
misstable_patterns,slab,3,257,0.023,0,1,0,,,/home/mangelo/Documents/GitHub/slab/benchmarks/_out/pq_slab_issue_benchmark_20260615_102908/feature_surface/artifacts/slab/misstable_patterns_3.parquet
levelsof,slab,3,258,0.014,0,1,0,,,/home/mangelo/Documents/GitHub/slab/benchmarks/_out/pq_slab_issue_benchmark_20260615_102908/feature_surface/artifacts/slab/levelsof_3.parquet
ds,slab,3,259,0.008,0,1,0,,,/home/mangelo/Documents/GitHub/slab/benchmarks/_out/pq_slab_issue_benchmark_20260615_102908/feature_surface/artifacts/slab/ds_3.parquet
lookfor,slab,3,260,0.009,0,1,0,,,/home/mangelo/Documents/GitHub/slab/benchmarks/_out/pq_slab_issue_benchmark_20260615_102908/feature_surface/artifacts/slab/lookfor_3.parquet
codebook,slab,3,261,0.023,0,1,0,,,/home/mangelo/Documents/GitHub/slab/benchmarks/_out/pq_slab_issue_benchmark_20260615_102908/feature_surface/artifacts/slab/codebook_3.parquet
distinct,slab,3,262,0.013,0,1,0,,,/home/mangelo/Documents/GitHub/slab/benchmarks/_out/pq_slab_issue_benchmark_20260615_102908/feature_surface/artifacts/slab/distinct_3.parquet
tabstat,slab,3,263,0.02,0,1,0,,,/home/mangelo/Documents/GitHub/slab/benchmarks/_out/pq_slab_issue_benchmark_20260615_102908/feature_surface/artifacts/slab/tabstat_3.parquet
correlate,slab,3,264,0.029,0,1,0,,,/home/mangelo/Documents/GitHub/slab/benchmarks/_out/pq_slab_issue_benchmark_20260615_102908/feature_surface/artifacts/slab/correlate_3.parquet
pwcorr,slab,3,265,0.028,0,1,0,,,/home/mangelo/Documents/GitHub/slab/benchmarks/_out/pq_slab_issue_benchmark_20260615_102908/feature_surface/artifacts/slab/pwcorr_3.parquet
histogram_nodraw,slab,3,266,0.029,0,1,0,,,/home/mangelo/Documents/GitHub/slab/benchmarks/_out/pq_slab_issue_benchmark_20260615_102908/feature_surface/artifacts/slab/histogram_nodraw_3.parquet
joinby,slab,3,267,0.241,0,1,0,200000.0,16.0,/home/mangelo/Documents/GitHub/slab/benchmarks/_out/pq_slab_issue_benchmark_20260615_102908/feature_surface/artifacts/slab/joinby_3.parquet
mergein,slab,3,268,0.165,0,1,0,661553.0,14.0,/home/mangelo/Documents/GitHub/slab/benchmarks/_out/pq_slab_issue_benchmark_20260615_102908/feature_surface/artifacts/slab/mergein_3.parquet
appendin,slab,3,269,0.163,0,1,0,400000.0,13.0,/home/mangelo/Documents/GitHub/slab/benchmarks/_out/pq_slab_issue_benchmark_20260615_102908/feature_surface/artifacts/slab/appendin_3.parquet
glimpse,slab,3,270,0.012,0,1,0,200000.0,13.0,/home/mangelo/Documents/GitHub/slab/benchmarks/_out/pq_slab_issue_benchmark_20260615_102908/feature_surface/artifacts/slab/glimpse_3.parquet
